,,,,,Quantity, Delta ,Price,Price Change,Price Change (%),Period PnL,Traded Delta,Traded PnL,YTD PnL,Period Delta Change,Mkt Value,%Delta,$Gamma,$Vega,$Theta,ImpliedVol,,,,,,,
Pod(L2),Book(L3),Underlier,Desk Strategy,Ticker,,,,,,,,,,,,,,,,,,,,,,,
,,,,,,1425220826,,,,-7662725.504,-2999857.373,-8.480640111,407629190.7,-7426799.5,1346905285,,3235775.289,37593.76727,-249714.7124,,,,,,,,
Beimnet,,,,,,-1267340,,,,141379.8751,0,0,-3252694.667,116195.4613,-16481923.89,,-25184.41372,11473.39809,-16940.48255,,,,,,,,
Beimnet,Crypto,,,,,-525977,,,,133210.5892,0,0,-699501.1947,108026.1755,-15740561.2,,-25184.41372,11473.39809,-16940.48255,,,,,,,,
Beimnet,Crypto,AKT,,,159156.6288,577739,3.63,-0.04,-1.089918256,-6366.265152,0,0,-1656000.633,-6366.265152,577738.5625,0,0,0,0,0,,,,,,,
Beimnet,Crypto,AKT,Core,,159156.6288,577739,3.63,-0.04,-1.089918256,-6366.265152,0,0,-1812198.544,-6366.265152,577738.5625,0,0,0,0,0,,,,,Spot Delta,Options Delta,Delta
Beimnet,Crypto,AKT,Core,AKT,159156.6288,577739,3.63,-0.04,-1.089918256,-6366.265152,0,0,-1812198.544,-6366.265152,577738.5625,0,0,0,0,0,,,,BTC,,,
Beimnet,Crypto,AKT,StratOps,,0,,3.63,-0.04,-1.089918256,0,0,0,156197.9112,0,0,0,0,0,0,0,,,,Beimnet,"$5,475,543 ","$17,235,532 ","$22,711,074 "
Beimnet,Crypto,AKT,StratOps,AKT,0, $-   ,3.63,-0.04,-1.089918256,0,0,0,156197.9112,0,0,0,0,0,0,0,,,,Bouchra,"$14,126,746 ","$6,211,384 ","$20,338,129 "
Beimnet,Crypto,AVAX,,,-1124782.259,-35973994,31.98307413,-0.34084571,-1.054468988,383377.208,0,0,-6669376.239,383377.208,-35973994.37,0,0,0,0,0,,,,Eduardo,"$155,035 ", $-   ,"$155,035 "
Beimnet,Crypto,AVAX,SpecialSits,,-1124782.259,-35973994,31.98307413,-0.34084571,-1.054468988,383377.208,0,0,-6669376.239,383377.208,-35973994.37,0,0,0,0,0,,,,Felman, $-   , $-   , $-   
Beimnet,Crypto,AVAX,SpecialSits,AVAX,-1124782.259,-35973994,31.98307413,-0.34084571,-1.054468988,383377.208,0,0,-6669376.239,383377.208,-35973994.37,0,0,0,0,0,,,,Novo,"$626,044,086 ","$39,900,141 ","$665,944,227 "
Beimnet,Crypto,BTC,,,,22711074,,,,-128091.2688,0,0,1365727.462,-153275.6825,7496490.331,,-25184.41372,11473.39809,-16940.48255,,,,,ETH,,, $-   
Beimnet,Crypto,BTC,Core,,80.84678273,5475543,67727.40266,-400.1461421,-0.587348509,-32350.52821,0,0,296126.0514,-32350.52821,5475542.608,0,0,0,0,0,,,,Beimnet,"($6,402,099)", $-   ,"($6,402,099)"
Beimnet,Crypto,BTC,Core,BTC,80.84678273,5475543,67727.40266,-400.1461421,-0.587348509,-32350.52821,0,0,296126.0514,-32350.52821,5475542.608,0,0,0,0,0,,,,Bouchra,"$6,320,750 ", $-   ,"$6,320,750 "
Beimnet,Crypto,BTC,Options ,,,17235532,,,,-95740.74062,0,0,1069601.411,-120925.1543,2020947.724,,-25184.41372,11473.39809,-16940.48255,,,,,Eduardo,"$347,235 ", $-   ,"$347,235 "
Beimnet,Crypto,BTC,Options ,BTCUSD-2024AUG02-C-70000=GALAXY_HK,500,14830945,2544.590277,-159.3281695,-5.892491679,-79652.22272,0,0,362157.0007,997756.4204,1272295.139,43.79599572,1077408.643,22712.18217,-79171.63255,0.727882404,,,,Felman, $-   , $-   , $-   
Beimnet,Crypto,BTC,Options ,BTCUSD-2024AUG02-C-76000=GALAXY_HK,-200,-3007281,1072.958731,-72.85985159,-6.358759816,14568.25219,0,0,-64595.46432,-290801.8062,-214591.7462,22.20136128,-305370.0584,-6861.14724,25491.72562,0.775805831,,,,Novo,"$186,625,516 ", $-   ,"$186,625,516 "
Beimnet,Crypto,BTC,Options ,BTCUSD-2024JUL26-C-63000=GALAXY_HK,400,24164668,5090.803254,-376.0734469,-6.879128018,-150421.4748,0,0,1716329.206,662858.2713,2036321.302,89.19826761,813279.7461,4891.554514,-45173.56844,0.635457301,,,,SOL,,, $-   
Beimnet,Crypto,BTC,Options ,BTCUSD-2024JUL26-C-66000=GALAXY_HK,-400,-18752801,2682.692427,-299.4426632,-10.04121726,119764.7047,0,0,-944289.3312,-1490738.04,-1073076.971,69.2216142,-1610502.745,-9269.191354,81912.99283,0.608078734,,,,Beimnet, $-   , $-   , $-   
Beimnet,Crypto,ETH,,,-1854.330811,-6402099,3452.511936,-35.93101557,-1.030001524,66627.98924,0,0,416612.6597,66627.98924,-6402099.257,0,0,0,0,0,,,,Bouchra,"$4,022,089 ", $-   ,"$4,022,089 "
Beimnet,Crypto,ETH,Core,,-1854.330811,-6402099,3452.511936,-35.93101557,-1.030001524,66627.98924,0,0,416612.6597,66627.98924,-6402099.257,0,0,0,0,0,,,,Eduardo, $-   , $-   , $-   
Beimnet,Crypto,ETH,Core,ETH,-1854.330811,-6402099,3452.511936,-35.93101557,-1.030001524,66627.98924,0,0,416612.6597,66627.98924,-6402099.257,0,0,0,0,0,,,,Felman, $-   , $-   , $-   
Beimnet,Crypto,LEO,,,40000,231792,5.794810312,0.008922033,0.154203332,356.8813,0,0,72487.58673,356.8813,231792.4125,0,0,0,0,0,,,,Novo,"$60,923,267 ", $-   ,"$60,923,267 "
Beimnet,Crypto,LEO,Core,,40000,231792,5.794810312,0.008922033,0.154203332,356.8813,0,0,72487.58673,356.8813,231792.4125,0,0,0,0,0,,,,Alts,,, $-   
Beimnet,Crypto,LEO,Core,LEO,40000,231792,5.794810312,0.008922033,0.154203332,356.8813,0,0,72487.58673,356.8813,231792.4125,0,0,0,0,0,,,,Beimnet,"($2,307,255)", $-   ,"($2,307,255)"
Beimnet,Crypto,LOCKED_AVAX,,,1016122.477,20704935,20.37641653,-0.217152802,-1.054468988,-220653.843,0,0,5704934.826,-220653.843,20704934.83,0,0,0,0,0,,,,Bouchra,"($405,155)", $-   ,"($405,155)"
Beimnet,Crypto,LOCKED_AVAX,Locked,,1016122.477,20704935,20.37641653,-0.217152802,-1.054468988,-220653.843,0,0,5704934.826,-220653.843,20704934.83,0,0,0,0,0,,,,Eduardo, $-   , $-   , $-   
Beimnet,Crypto,LOCKED_AVAX,Locked,LOCKED_AVAX,1016122.477,20704935,20.37641653,-0.217152802,-1.054468988,-220653.843,0,0,5704934.826,-220653.843,20704934.83,0,0,0,0,0,,,,Felman,"$831,140 ", $-   ,"$831,140 "
Beimnet,Crypto,SUI,,,-1857957.5,-1561485,0.840431,-0.01125,-1.320917104,20902.02187,0,0,-61485.38755,20902.02187,-1561485.08,0,0,0,0,0,,,,Novo,"$10,210,842 ", $-   ,"$10,210,842 "
Beimnet,Crypto,SUI,Core,,-1857957.5,-1561485,0.840431,-0.01125,-1.320917104,20902.02187,0,0,-61485.38755,20902.02187,-1561485.08,0,0,0,0,0,,,,,,,
Beimnet,Crypto,SUI,Core,SUI,-1857957.5,-1561485,0.840431,-0.01125,-1.320917104,20902.02187,0,0,-61485.38755,20902.02187,-1561485.08,0,0,0,0,0,,,,,,,
Beimnet,Crypto,WLD,,,-178453.841,-414013,2.32,-0.05,-2.109704641,8922.69205,0,0,-22474.76239,8922.69205,-414012.9111,0,0,0,0,0,,,,,,,
Beimnet,Crypto,WLD,Core,,-178453.841,-414013,2.32,-0.05,-2.109704641,8922.69205,0,0,-22474.76239,8922.69205,-414012.9111,0,0,0,0,0,,,,,,,
Beimnet,Crypto,WLD,Core,WLD,-178453.841,-414013,2.32,-0.05,-2.109704641,8922.69205,0,0,-22474.76239,8922.69205,-414012.9111,0,0,0,0,0,,,,,,,
Beimnet,Crypto,XAI,,,-1117776,-399926,0.357787,-0.007278,-1.993617575,8135.173728,0,0,150073.2919,8135.173728,-399925.7217,0,0,0,0,0,,,,,,,
Beimnet,Crypto,XAI,Core,,-1117776,-399926,0.357787,-0.007278,-1.993617575,8135.173728,0,0,150073.2919,8135.173728,-399925.7217,0,0,0,0,0,,,,,,,
Beimnet,Crypto,XAI,Core,XAI,-1117776,-399926,0.357787,-0.007278,-1.993617575,8135.173728,0,0,150073.2919,8135.173728,-399925.7217,0,0,0,0,0,,,,,,,
Beimnet,StratOps,,,,-204232.146,-741363,3.63,-0.04,-1.089918256,8169.28584,0,0,-2553193.472,8169.28584,-741362.69,0,0,0,0,0,,,,,,,
Beimnet,StratOps,AKT,,,-204232.146,-741363,3.63,-0.04,-1.089918256,8169.28584,0,0,-2553193.472,8169.28584,-741362.69,0,0,0,0,0,,,,,,,
Beimnet,StratOps,AKT,,,-204232.146,-741363,3.63,-0.04,-1.089918256,8169.28584,0,0,-2553193.472,8169.28584,-741362.69,0,0,0,0,0,,,,,,,
Beimnet,StratOps,AKT,,AKT,-204232.146,-741363,3.63,-0.04,-1.089918256,8169.28584,0,0,-2553193.472,8169.28584,-741362.69,0,0,0,0,0,,,,,,,
Bouchra,,,,,,31527499,,,,-211702.6576,0,0,2652766.613,-468261.5123,26448509.25,,-256558.5352,-4021.203571,11670.56845,,,,,,,,
Bouchra,Crypto,,,,,30531196,,,,-212232.8802,0,0,2688732.222,-468791.7349,26367392.94,,-256558.537,-6308.480063,11670.77964,,,,,,,,
Bouchra,Crypto,ALT,,,-1860766,-274701,0.147628,-0.002919,-1.938929371,5431.575954,0,0,45224.50345,5431.575954,-274701.163,0,0,0,0,0,,,,,,,
Bouchra,Crypto,ALT,RelativeValue,,-1860766,-274701,0.147628,-0.002919,-1.938929371,5431.575954,0,0,45224.50345,5431.575954,-274701.163,0,0,0,0,0,,,,,,,
Bouchra,Crypto,ALT,RelativeValue,ALT,-1860766,-274701,0.147628,-0.002919,-1.938929371,5431.575954,0,0,45224.50345,5431.575954,-274701.163,0,0,0,0,0,,,,,,,
Bouchra,Crypto,ARKM,,,-324098,-492629,1.52,-0.03,-1.935483871,9722.94,0,0,27287.8103,9722.94,-492628.96,0,0,0,0,0,,,,,,,
Bouchra,Crypto,ARKM,RelativeValue,,-324098,-492629,1.52,-0.03,-1.935483871,9722.94,0,0,27287.8103,9722.94,-492628.96,0,0,0,0,0,,,,,,,
Bouchra,Crypto,ARKM,RelativeValue,ARKM,-324098,-492629,1.52,-0.03,-1.935483871,9722.94,0,0,27287.8103,9722.94,-492628.96,0,0,0,0,0,,,,,,,
Bouchra,Crypto,BTC,,,,21851008,,,,-123840.8638,0,0,2086096.085,-380908.8504,17055163.05,,-257067.669,-2281.562884,11574.24943,,,,,,,,
Bouchra,Crypto,BTC,Core,,208.5824194,14126746,67727.40266,-400.1461421,-0.587348509,-83463.45044,0,0,1573325.879,-83463.45044,14126745.51,0,0,0,0,0,,,,,,,
Bouchra,Crypto,BTC,Core,BTC,208.5824194,14126746,67727.40266,-400.1461421,-0.587348509,-83463.45044,0,0,1573325.879,-83463.45044,14126745.51,0,0,0,0,0,,,,,,,
Bouchra,Crypto,BTC,E_CRYPTO_EQUITY ,,,1512879,,,,0.642677824,0,0,392375.8297,0.642677824,1642898.67,,0.317652626,-459.7546873,0.112240469,,,,,,,,
Bouchra,Crypto,BTC,E_CRYPTO_EQUITY ,FIP,27144,268349,9.886109293,-6.68E-06,-6.75E-05,-0.181202516,0,0,19393.78065,-0.181202516,268348.5507,0,0,0,0,0,,,,,,,
Bouchra,Crypto,BTC,E_CRYPTO_EQUITY ,WULF,245800,1405423,5.717749763,-3.86E-06,-6.75E-05,-0.94901263,0,0,364917.6768,-0.94901263,1405422.892,0,0,0,0,0,,,,,,,
Bouchra,Crypto,BTC,E_CRYPTO_EQUITY ,WULF/16Aug2024/C7.0,-865,-160893,0.356910669,-35.32216521,-98.99966392,1.77289297,0,0,8064.372259,1.77289297,-30872.7729,32.51807709,0.317652626,-459.7546873,0.112240469,1.327844962,,,,,,,
Bouchra,Crypto,BTC,Options ,,,6211384,,,,-40378.05599,0,0,120394.3762,-297446.0427,1285518.871,,-257067.9867,-1821.808197,11574.13719,,,,,,,,
Bouchra,Crypto,BTC,Options ,BTCUSD-2024AUG02-C-69000=GALAXY_HK,150,4914653,2927.776175,-179.7066047,-5.783028175,-26953.31506,0,0,176219.1019,302865.7111,439166.4262,48.37680756,329819.0262,6891.502684,-23811.60823,0.721477016,,,,,,,
Bouchra,Crypto,BTC,Options ,BTCUSD-2024AUG02-C-70000=GALAXY_HK,250,7415473,2544.590277,-159.3281695,-5.892491679,-39826.11136,0,0,181078.5003,498878.2102,636147.5693,43.79599572,538704.3216,11356.09108,-39585.81628,0.727882404,,,,,,,
Bouchra,Crypto,BTC,Options ,BTCUSD-2024AUG02-C-72000=GALAXY_HK,-150,-3594315,1912.287697,-123.6039006,-6.071241745,18538.08316,0,0,-133395.6565,-280494.3515,-286843.1546,35.38021076,-299032.4347,-6428.726603,22854.29877,0.742319616,,,,,,,
Bouchra,Crypto,BTC,Options ,BTCUSD-2024AUG02-C-78000=GALAXY_HK,-75,-884075,806.1019422,-56.1394528,-6.510874232,4209.486455,0,0,-3458.618167,-92360.92698,-60457.64566,17.40456577,-96570.41344,-2220.581396,8443.526026,0.79397446,,,,,,,
Bouchra,Crypto,BTC,Options ,BTCUSD-2024AUG30-C-66000=GALAXY_HK,200,8341805,7183.710862,-269.2461493,-3.612608377,-53847.54183,0,0,1068368.86,184788.3962,1436742.172,61.58367496,238635.9381,17033.89188,-14593.92399,0.658682662,,,,,,,
Bouchra,Crypto,BTC,Options ,BTCUSD-2024AUG30-C-69000=GALAXY_HK,-200,-7247795,5777.23843,-227.8409671,-3.794137464,45566.46277,0,0,-905574.4166,-199955.3837,-1155447.686,53.50710795,-245521.8464,-17720.3743,15350.96924,0.666010297,,,,,,,
Bouchra,Crypto,BTC,Options ,BTCUSD-2024DEC27-C-140000=GALAXY_HK,200,2026708,2320.092848,-63.84845843,-2.678273088,-12769.02571,0,0,-166880.7645,44904.28588,464018.5695,14.96224545,57673.31159,21896.00469,-5474.077859,0.787213465,,,,,,,
Bouchra,Crypto,BTC,Options ,BTCUSD-2024DEC27-C-150000=GALAXY_HK,-200,-1708221,1915.639684,-54.50849818,-2.766720731,10901.10201,0,0,130671.4656,-39615.1722,-383127.9367,12.61100481,-50516.2742,-19484.12418,4948.647714,0.799746048,,,,,,,
Bouchra,Crypto,BTC,Options ,BTCUSD-2024DEC27-C-85000=GALAXY_HK,150,4540253,8706.264763,-192.6559893,-2.164936566,-28897.61548,0,0,765865.4973,52455.12431,1305939.714,44.6914407,81352.73979,27896.30471,-6299.085348,0.711012191,,,,,,,
Bouchra,Crypto,BTC,Options ,BTCUSD-2024DEC27-C-95000=GALAXY_HK,-225,-5504005,6595.806733,-153.2655827,-2.270913328,34483.65937,0,0,-929882.6117,-78864.0469,-1484056.515,36.11868248,-113347.7063,-39636.49896,9127.127852,0.725078627,,,,,,,
Bouchra,Crypto,BTC,Options ,BTCUSD-2024JUL25-C-70000=GALAXY_HK,-75,-1422361,593.4001776,-103.7895175,-14.88684044,7782.150581,0,0,-7007.076553,-321861.5297,-44505.01332,28.00169373,-329643.6803,-1400.273443,18172.7192,0.633443224,,,,,,,
Bouchra,Crypto,BTC,Options ,BTCUSD-2024JUL26-C-71000=GALAXY_HK,-150,-2538969,625.9828967,-96.70888918,-13.38176123,14503.17641,0,0,-28650.59148,-489953.5718,-93897.4345,24.99203661,-504456.7482,-3140.236286,30015.21751,0.657691148,,,,,,,
Bouchra,Crypto,BTC,Options ,BTCUSD-2024JUL26-P-60000=GALAXY_HK,150,-321109,57.90497561,5.325803449,10.1291124,799.5618057,0,0,-123913.5624,107422.9614,8685.746341,-3.160802058,106623.3996,702.2037733,-7100.738336,0.695815746,,,,,,,
Bouchra,Crypto,BTC,Options ,BTCUSD-2024SEP27-C-100000=GALAXY_HK,-150,-1672351,1695.396665,-50.23376098,-2.877685919,7534.330706,0,0,6539.766777,-68866.26665,-254309.4998,16.46158923,-76400.59736,-11003.63367,6245.391753,0.754199519,,,,,,,
Bouchra,Crypto,BTC,Options ,BTCUSD-2024SEP27-C-75000=GALAXY_HK,150,4581483,5821.284905,-172.2807754,-2.874428755,-25840.97653,0,0,354793.8755,109285.1537,873192.7358,45.09728748,135126.1303,17577.05818,-9010.264786,0.681167209,,,,,,,
Bouchra,Crypto,BTC,Options ,BTCUSD-2024SEP27-C-85000=GALAXY_HK,-50,-1019706,3452.325866,-102.9453103,-2.895568445,5146.932095,0,0,-340966.6267,-32950.7778,-172616.2933,30.11205329,-38097.70989,-5153.918498,2747.645065,0.708411428,,,,,,,
Bouchra,Crypto,BTC,Options ,BTCUSD-2024SEP27-C-90000=GALAXY_HK,100,1661669,2693.978432,-80.09671641,-2.887330448,-8009.06435,0,0,-17001.54948,59390.11855,269397.8432,24.53466976,67399.1829,9311.184299,-5069.201484,0.723431097,,,,,,,
Bouchra,Crypto,BTC,Options ,BTCUSD-2024SEP27-C-95000=GALAXY_HK,-100,-1357754,2125.10727,-63.01139564,-2.87970651,6300.648989,0,0,93588.78247,-52513.97699,-212510.727,20.04733153,-58814.62598,-8297.682173,4613.310368,0.738785587,,,,,,,
Bouchra,Crypto,DOGE,,,6374114.825,884237,0.138723173,-0.002675054,-1.891857899,-17051.09824,0,0,-75774.56522,-17051.09824,884237.4313,0,0,0,0,0,,,,,,,
Bouchra,Crypto,DOGE,Core,,6374114.825,884237,0.138723173,-0.002675054,-1.891857899,-17051.09824,0,0,-75774.56522,-17051.09824,884237.4313,0,0,0,0,0,,,,,,,
Bouchra,Crypto,DOGE,Core,DOGE,6374114.825,884237,0.138723173,-0.002675054,-1.891857899,-17051.09824,0,0,-75774.56522,-17051.09824,884237.4313,0,0,0,0,0,,,,,,,
Bouchra,Crypto,ETH,,,,5520124,,,,-57618.67453,0,0,344981.6266,-57109.54252,6152165.84,,509.1320137,-4026.917179,96.53021293,,,,,,,,
Bouchra,Crypto,ETH,Core,,674.8200812,2329824,3452.511936,-35.93101557,-1.030001524,-24246.97085,0,0,378092.0212,-24246.97085,2329824.385,0,0,0,0,0,,,,,,,
Bouchra,Crypto,ETH,Core,ETH,674.8200812,2329824,3452.511936,-35.93101557,-1.030001524,-24246.97085,0,0,378092.0212,-24246.97085,2329824.385,0,0,0,0,0,,,,,,,
Bouchra,Crypto,ETH,Options ,,,-800626,,,,8162.693536,0,0,-23083.96943,8671.825549,-168583.9292,,509.1320137,-4026.917179,96.53021293,,,,,,,,
Bouchra,Crypto,ETH,Options ,ETHUSD-2024JUL26-C-3900=GALAXY_HK,1000,262505,9.385223567,-1.816295924,-16.21472806,-1815.717837,0,0,-127114.1983,58232.83472,9385.223567,7.603297805,60048.55255,479.8411982,-5902.360377,0.846403076,,,,,,,
Bouchra,Crypto,ETH,Options ,ETHUSD-2024JUL26-C-4200=GALAXY_HK,-1500,-112566,2.550295056,-0.189222184,-6.907136097,283.4731112,0,0,113174.1973,-28178.28206,-3825.442584,2.173602948,-28461.75517,-261.4248836,3696.213571,0.972898407,,,,,,,
Bouchra,Crypto,ETH,Options ,ETHUSD-2024SEP27-C-4100=GALAXY_HK,-750,-950565,232.1916136,-12.9269285,-5.27374567,9694.938261,0,0,-9143.96833,-21382.7271,-174143.7102,36.7100778,-31077.66536,-4245.333493,2302.677019,0.720748252,,,,,,,
Bouchra,Crypto,ETH,RelativeValue,,1155.948324,3990925,3452.511936,-35.93101557,-1.030001524,-41534.39722,0,0,-10026.42515,-41534.39722,3990925.385,0,0,0,0,0,,,,,,,
Bouchra,Crypto,ETH,RelativeValue,ETH,1155.948324,3990925,3452.511936,-35.93101557,-1.030001524,-41534.39722,0,0,-10026.42515,-41534.39722,3990925.385,0,0,0,0,0,,,,,,,
Bouchra,Crypto,ETHFI,,,-136706.93,-341767,2.5,-0.06,-2.34375,8202.4158,0,0,-79687.83577,8202.4158,-341767.325,0,0,0,0,0,,,,,,,
Bouchra,Crypto,ETHFI,RelativeValue,,-136706.93,-341767,2.5,-0.06,-2.34375,8202.4158,0,0,-79687.83577,8202.4158,-341767.325,0,0,0,0,0,,,,,,,
Bouchra,Crypto,ETHFI,RelativeValue,ETHFI,-136706.93,-341767,2.5,-0.06,-2.34375,8202.4158,0,0,-79687.83577,8202.4158,-341767.325,0,0,0,0,0,,,,,,,
Bouchra,Crypto,SEI,,,-1524778,-613490,0.402347,-0.010136,-2.457313392,15455.14981,0,0,-93595.05153,15455.14981,-613489.854,0,0,0,0,0,,,,,,,
Bouchra,Crypto,SEI,RelativeValue,,-1524778,-613490,0.402347,-0.010136,-2.457313392,15455.14981,0,0,-93595.05153,15455.14981,-613489.854,0,0,0,0,0,,,,,,,
Bouchra,Crypto,SEI,RelativeValue,SEI,-1524778,-613490,0.402347,-0.010136,-2.457313392,15455.14981,0,0,-93595.05153,15455.14981,-613489.854,0,0,0,0,0,,,,,,,
Bouchra,Crypto,SOL,,,22357.40997,4022089,179.8996065,-2.699445463,-1.478345826,-60352.6089,0,0,659599.1758,-60352.6089,4022089.256,0,0,0,0,0,,,,,,,
Bouchra,Crypto,SOL,Core,,22357.40997,4022089,179.8996065,-2.699445463,-1.478345826,-60352.6089,0,0,659599.1758,-60352.6089,4022089.256,0,0,0,0,0,,,,,,,
Bouchra,Crypto,SOL,Core,SOL,22357.40997,4022089,179.8996065,-2.699445463,-1.478345826,-60352.6089,0,0,659599.1758,-60352.6089,4022089.256,0,0,0,0,0,,,,,,,
Bouchra,Crypto,STRK,,,-779951.8,-456870,0.585767,-0.009861,-1.65556354,7691.1047,0,0,63070.67751,7691.1047,-456870.026,0,0,0,0,0,,,,,,,
Bouchra,Crypto,STRK,RelativeValue,,-779951.8,-456870,0.585767,-0.009861,-1.65556354,7691.1047,0,0,63070.67751,7691.1047,-456870.026,0,0,0,0,0,,,,,,,
Bouchra,Crypto,STRK,RelativeValue,STRK,-779951.8,-456870,0.585767,-0.009861,-1.65556354,7691.1047,0,0,63070.67751,7691.1047,-456870.026,0,0,0,0,0,,,,,,,
Bouchra,Crypto,STX,,,269995.74,502815,1.862308914,-0.023139493,-1.227267351,-6247.564461,0,0,-318777.4518,-6247.564461,502815.4734,0,0,0,0,0,,,,,,,
Bouchra,Crypto,STX,Core,,269995.74,502815,1.862308914,-0.023139493,-1.227267351,-6247.564461,0,0,-318777.4518,-6247.564461,502815.4734,0,0,0,0,0,,,,,,,
Bouchra,Crypto,STX,Core,STX,269995.74,502815,1.862308914,-0.023139493,-1.227267351,-6247.564461,0,0,-318777.4518,-6247.564461,502815.4734,0,0,0,0,0,,,,,,,
Bouchra,Crypto,TON,,,48638.1323,339008,6.97,-0.05,-0.712250712,-2431.906615,0,0,-10992.2179,-2431.906615,339007.7821,0,0,0,0,0,,,,,,,
Bouchra,Crypto,TON,Core,,48638.1323,339008,6.97,-0.05,-0.712250712,-2431.906615,0,0,-10992.2179,-2431.906615,339007.7821,0,0,0,0,0,,,,,,,
Bouchra,Crypto,TON,Core,TON,48638.1323,339008,6.97,-0.05,-0.712250712,-2431.906615,0,0,-10992.2179,-2431.906615,339007.7821,0,0,0,0,0,,,,,,,
Bouchra,Crypto,WLD,,,-176133,-408629,2.32,-0.05,-2.109704641,8806.65,0,0,41299.46534,8806.65,-408628.56,0,0,0,0,0,,,,,,,
Bouchra,Crypto,WLD,RelativeValue,,-176133,-408629,2.32,-0.05,-2.109704641,8806.65,0,0,41299.46534,8806.65,-408628.56,0,0,0,0,0,,,,,,,
Bouchra,Crypto,WLD,RelativeValue,WLD,-176133,-408629,2.32,-0.05,-2.109704641,8806.65,0,0,41299.46534,8806.65,-408628.56,0,0,0,0,0,,,,,,,
Bouchra,Equities,,,,0,996303,1.55708593,-154.590491,-99.00584983,530.2226734,0,0,-35965.60898,530.2226734,81116.30169,18.85482306,0.001782907,2287.276491,-0.211193664,0.482624624,,,,,,,
Bouchra,Equities,NVDA,,,0,996303,1.55708593,-154.590491,-99.00584983,530.2226734,0,0,-35965.60898,530.2226734,81116.30169,18.85482306,0.001782907,2287.276491,-0.211193664,0.482624624,,,,,,,
Bouchra,Equities,NVDA,E_CRYPTO_OPTIONS ,,0,996303,1.55708593,-154.590491,-99.00584983,530.2226734,0,0,-35965.60898,530.2226734,81116.30169,18.85482306,0.001782907,2287.276491,-0.211193664,0.482624624,,,,,,,
Bouchra,Equities,NVDA,E_CRYPTO_OPTIONS ,NVDA/16Aug2024/C135.0,530,1732694,2.322334059,-229.8197414,-98.99960658,-0.015245634,0,0,-156494.7153,-0.015245634,123083.7051,26.46295456,0.000235367,5495.742628,-0.322542075,0.484256926,,,,,,,
Bouchra,Equities,NVDA,E_CRYPTO_OPTIONS ,NVDA/16Aug2024/C145.0,-530,-736391,0.7918378,-79.36124072,-99.01209309,530.237919,0,0,120529.1063,530.237919,-41967.40342,11.24669156,0.00154754,-3208.466137,0.111348412,0.480992321,,,,,,,
CryptoHedges,,,,,,28910722,,,,-1033359.956,0,0,-59708617.35,-1033359.956,8245401.326,,0.010242474,-25646.5948,-3.803374453,,,,,,,,
CryptoHedges,Crypto,,,,-8500000,-9212000,1.083764725,7.11E-05,0.006563442,2885.407421,0,0,-116334.5196,2885.407421,-9212000.165,0,0,0,0,0,,,,,,,
CryptoHedges,Crypto,BTC,,,-8500000,-9212000,1.083764725,7.11E-05,0.006563442,2885.407421,0,0,-116334.5196,2885.407421,-9212000.165,0,0,0,0,0,,,,,,,
CryptoHedges,Crypto,BTC,E_CRYPTO_EQUITY ,,-8500000,-9212000,1.083764725,7.11E-05,0.006563442,2885.407421,0,0,-116334.5196,2885.407421,-9212000.165,0,0,0,0,0,,,,,,,
CryptoHedges,Crypto,BTC,E_CRYPTO_EQUITY ,USD/EUR/18Sep2024,-8500000,-9212000,1.083764725,7.11E-05,0.006563442,2885.407421,0,0,-116334.5196,2885.407421,-9212000.165,0,0,0,0,0,,,,,,,
CryptoHedges,Equities,,,,,38122723,,,,-1036245.363,0,0,-59592282.83,-1036245.363,17457401.49,,0.010242474,-25646.5948,-3.803374453,,,,,,,,
CryptoHedges,Equities,BTC,,,2590.099111,175420685,67727.40266,-400.1461421,-0.587348509,-1036418.167,0,0,84120299.99,-1036418.167,175420685.5,0,0,0,0,0,,,,,,,
CryptoHedges,Equities,BTC,MSTRspread,,2590.099111,175420685,67727.40266,-400.1461421,-0.587348509,-1036418.167,0,0,84120299.99,-1036418.167,175420685.5,0,0,0,0,0,,,,,,,
CryptoHedges,Equities,BTC,MSTRspread,BTC,2590.099111,175420685,67727.40266,-400.1461421,-0.587348509,-1036418.167,0,0,84120299.99,-1036418.167,175420685.5,0,0,0,0,0,,,,,,,
CryptoHedges,Equities,MSTR,,,,-137297963,,,,172.803864,0,0,-143712582.8,172.803864,-157963284,,0.010242474,-25646.5948,-3.803374453,,,,,,,,
CryptoHedges,Equities,MSTR,E_MSTR_EQUITY ,,-89000,-160144984,1799.381848,-0.001215034,-6.75E-05,108.1379945,0,0,-145799354.1,108.1379945,-160144984.5,0,0,0,0,0,,,,,,,
CryptoHedges,Equities,MSTR,E_MSTR_EQUITY ,MSTR,-89000,-160144984,1799.381848,-0.001215034,-6.75E-05,108.1379945,0,0,-145799354.1,108.1379945,-160144984.5,0,0,0,0,0,,,,,,,
CryptoHedges,Equities,MSTR,E_MSTR_OPTIONS ,,-465,22847022,88.27372487,-8735.717779,-98.99965156,64.66586955,0,0,2086771.242,64.66586955,2181700.51,23.69501974,0.010242474,-25646.5948,-3.803374453,1.112552713,,,,,,,
CryptoHedges,Equities,MSTR,E_MSTR_OPTIONS ,MSTR/02Aug2024/C1700.0,600,71635920,181.05,-17916.83982,-98.99960713,-7.332361486,0,0,3158974.561,-7.332361486,10863000,66.32623944,0.027284841,65235.00879,-28.48025058,1.065941329,,,,,,,
CryptoHedges,Equities,MSTR,E_MSTR_OPTIONS ,MSTR/02Aug2024/C1800.0,-600,-58303449,131.97,-13059.84729,-98.99960713,5.344665831,0,0,-2570890.028,5.344665831,-7918200,53.98197569,-0.013642421,-70936.15436,20.75967229,1.100321945,,,,,,,
CryptoHedges,Equities,MSTR,E_MSTR_OPTIONS ,MSTR/02Aug2024/P1555.0,-165,5220518,32.52944397,-3219.409267,-98.99969074,45.21038893,0,0,673557.3231,45.21038893,-536735.8256,-17.57662156,0.000703437,-12706.25367,2.744230223,1.058974363,,,,,,,
CryptoHedges,Equities,MSTR,E_MSTR_OPTIONS ,MSTR/26Jul2024/P1550.0,-300,4294033,7.545455488,-746.7747369,-98.99970125,21.44317628,0,0,825129.3854,21.44317628,-226363.6647,-7.951514626,-0.004103384,-7239.19556,1.172973608,1.224973214,,,,,,,
Eduardo,,,,,,502270,,,,-4529.721252,0,0,318634.5711,-4529.721252,502269.6689,,0,0,0,,,,,,,,
Eduardo,Crypto,,,,,502270,,,,-4529.721252,0,0,318634.5711,-4529.721252,502269.6689,,0,0,0,,,,,,,,
Eduardo,Crypto,BTC,,,2.289098,155035,67727.40266,-400.1461421,-0.587348509,-915.9737336,0,0,289815.5535,-915.9737336,155034.662,0,0,0,0,0,,,,,,,
Eduardo,Crypto,BTC,Core,,2.289098,155035,67727.40266,-400.1461421,-0.587348509,-915.9737336,0,0,289815.5535,-915.9737336,155034.662,0,0,0,0,0,,,,,,,
Eduardo,Crypto,BTC,Core,BTC,2.289098,155035,67727.40266,-400.1461421,-0.587348509,-915.9737336,0,0,289815.5535,-915.9737336,155034.662,0,0,0,0,0,,,,,,,
Eduardo,Crypto,ETH,,,100.5746,347235,3452.511936,-35.93101557,-1.030001524,-3613.747519,0,0,28819.01754,-3613.747519,347235.0069,0,0,0,0,0,,,,,,,
Eduardo,Crypto,ETH,Core,,100.5746,347235,3452.511936,-35.93101557,-1.030001524,-3613.747519,0,0,28819.01754,-3613.747519,347235.0069,0,0,0,0,0,,,,,,,
Eduardo,Crypto,ETH,Core,ETH,100.5746,347235,3452.511936,-35.93101557,-1.030001524,-3613.747519,0,0,28819.01754,-3613.747519,347235.0069,0,0,0,0,0,,,,,,,
Felman,,,,,,3917288,,,,52854.31779,0,0,1423194.045,52854.31779,4187850.043,,0.661011246,-956.7149562,0.233563981,,,,,,,,
Felman,Crypto,,,,,3917288,,,,52854.31779,0,0,1423194.045,52854.31779,4187850.043,,0.661011246,-956.7149562,0.233563981,,,,,,,,
Felman,Crypto,ALT,,,-3357132,-495607,0.147628,-0.002919,-1.938929371,9799.468308,0,0,179862.1322,9799.468308,-495606.6829,0,0,0,0,0,,,,,,,
Felman,Crypto,ALT,Core,,-3357132,-495607,0.147628,-0.002919,-1.938929371,9799.468308,0,0,179862.1322,9799.468308,-495606.6829,0,0,0,0,0,,,,,,,
Felman,Crypto,ALT,Core,ALT,-3357132,-495607,0.147628,-0.002919,-1.938929371,9799.468308,0,0,179862.1322,9799.468308,-495606.6829,0,0,0,0,0,,,,,,,
Felman,Crypto,ARKM,,,-483787,-735356,1.52,-0.03,-1.935483871,14513.61,0,0,-3567.286356,14513.61,-735356.24,0,0,0,0,0,,,,,,,
Felman,Crypto,ARKM,Core,,-483787,-735356,1.52,-0.03,-1.935483871,14513.61,0,0,-3567.286356,14513.61,-735356.24,0,0,0,0,0,,,,,,,
Felman,Crypto,ARKM,Core,ARKM,-483787,-735356,1.52,-0.03,-1.935483871,14513.61,0,0,-3567.286356,14513.61,-735356.24,0,0,0,0,0,,,,,,,
Felman,Crypto,ASTR,,,19730087.23,1524070,0.077246,-0.000444,-0.571502124,-8760.15873,0,0,23620.40004,-8760.15873,1524070.318,0,0,0,0,0,,,,,,,
Felman,Crypto,ASTR,Core,,19730087.23,1524070,0.077246,-0.000444,-0.571502124,-8760.15873,0,0,23620.40004,-8760.15873,1524070.318,0,0,0,0,0,,,,,,,
Felman,Crypto,ASTR,Core,ASTR,19730087.23,1524070,0.077246,-0.000444,-0.571502124,-8760.15873,0,0,23620.40004,-8760.15873,1524070.318,0,0,0,0,0,,,,,,,
Felman,Crypto,BTC,,,,3086148,,,,1.379256077,0,0,725216.4199,1.379256077,3356709.753,,0.661011246,-956.7149562,0.233563981,,,,,,,,
Felman,Crypto,BTC,E_CRYPTO_EQUITY ,,,3086148,,,,1.379256077,0,0,725216.4199,1.379256077,3356709.753,,0.661011246,-956.7149562,0.233563981,,,,,,,,
Felman,Crypto,BTC,E_CRYPTO_EQUITY ,FIP,200000,1977222,9.886109293,-6.68E-06,-6.75E-05,-1.335120217,0,0,99231.88202,-1.335120217,1977221.859,0,0,0,0,0,,,,,,,
Felman,Crypto,BTC,E_CRYPTO_EQUITY ,WULF,252500,1443732,5.717749763,-3.86E-06,-6.75E-05,-0.974880753,0,0,618203.1852,-0.974880753,1443731.815,0,0,0,0,0,,,,,,,
Felman,Crypto,BTC,E_CRYPTO_EQUITY ,WULF/16Aug2024/C7.0,-1800,-334806,0.356910669,-35.32216521,-98.99966392,3.689257047,0,0,7781.352678,3.689257047,-64243.92049,32.51807709,0.661011246,-956.7149562,0.233563981,1.327844962,,,,,,,
Felman,Crypto,ETHFI,,,-219398.9,-548497,2.5,-0.06,-2.34375,13163.934,0,0,-48705.08137,13163.934,-548497.25,0,0,0,0,0,,,,,,,
Felman,Crypto,ETHFI,Core,,-219398.9,-548497,2.5,-0.06,-2.34375,13163.934,0,0,-48705.08137,13163.934,-548497.25,0,0,0,0,0,,,,,,,
Felman,Crypto,ETHFI,Core,ETHFI,-219398.9,-548497,2.5,-0.06,-2.34375,13163.934,0,0,-48705.08137,13163.934,-548497.25,0,0,0,0,0,,,,,,,
Felman,Crypto,ILV,,,6578.286,473702,72.01,-0.62,-0.853641746,-4078.53732,0,0,-26247.36114,-4078.53732,473702.3749,0,0,0,0,0,,,,,,,
Felman,Crypto,ILV,Core,,6578.286,473702,72.01,-0.62,-0.853641746,-4078.53732,0,0,-26247.36114,-4078.53732,473702.3749,0,0,0,0,0,,,,,,,
Felman,Crypto,ILV,Core,ILV,6578.286,473702,72.01,-0.62,-0.853641746,-4078.53732,0,0,-26247.36114,-4078.53732,473702.3749,0,0,0,0,0,,,,,,,
Felman,Crypto,JTO,,,420627.944,1118870,2.66,-0.04,-1.481481481,-16825.11776,0,0,118559.7907,-16825.11776,1118870.331,0,0,0,0,0,,,,,,,
Felman,Crypto,JTO,Core,,420627.944,1118870,2.66,-0.04,-1.481481481,-16825.11776,0,0,118559.7907,-16825.11776,1118870.331,0,0,0,0,0,,,,,,,
Felman,Crypto,JTO,Core,JTO,420627.944,1118870,2.66,-0.04,-1.481481481,-16825.11776,0,0,118559.7907,-16825.11776,1118870.331,0,0,0,0,0,,,,,,,
Felman,Crypto,STRK,,,-1172304.8,-686697,0.585767,-0.009861,-1.65556354,11560.09763,0,0,206865.3224,11560.09763,-686697.4658,0,0,0,0,0,,,,,,,
Felman,Crypto,STRK,Core,,-1172304.8,-686697,0.585767,-0.009861,-1.65556354,11560.09763,0,0,206865.3224,11560.09763,-686697.4658,0,0,0,0,0,,,,,,,
Felman,Crypto,STRK,Core,STRK,-1172304.8,-686697,0.585767,-0.009861,-1.65556354,11560.09763,0,0,206865.3224,11560.09763,-686697.4658,0,0,0,0,0,,,,,,,
Felman,Crypto,TON,,,378044.0286,2634967,6.97,-0.05,-0.712250712,-18902.20143,0,0,-53355.92334,-18902.20143,2634966.879,0,0,0,0,0,,,,,,,
Felman,Crypto,TON,Core,,378044.0286,2634967,6.97,-0.05,-0.712250712,-18902.20143,0,0,-53355.92334,-18902.20143,2634966.879,0,0,0,0,0,,,,,,,
Felman,Crypto,TON,Core,TON,378044.0286,2634967,6.97,-0.05,-0.712250712,-18902.20143,0,0,-53355.92334,-18902.20143,2634966.879,0,0,0,0,0,,,,,,,
Felman,Crypto,WLD,,,-875218,-2030506,2.32,-0.05,-2.109704641,43760.9,0,0,244305.2551,43760.9,-2030505.76,0,0,0,0,0,,,,,,,
Felman,Crypto,WLD,Core,,-875218,-2030506,2.32,-0.05,-2.109704641,43760.9,0,0,244305.2551,43760.9,-2030505.76,0,0,0,0,0,,,,,,,
Felman,Crypto,WLD,Core,WLD,-875218,-2030506,2.32,-0.05,-2.109704641,43760.9,0,0,244305.2551,43760.9,-2030505.76,0,0,0,0,0,,,,,,,
Felman,Crypto,XAI,,,-1184521,-423806,0.357787,-0.007278,-1.993617575,8620.943838,0,0,56640.37724,8620.943838,-423806.215,0,0,0,0,0,,,,,,,
Felman,Crypto,XAI,Core,,-1184521,-423806,0.357787,-0.007278,-1.993617575,8620.943838,0,0,56640.37724,8620.943838,-423806.215,0,0,0,0,0,,,,,,,
Felman,Crypto,XAI,Core,XAI,-1184521,-423806,0.357787,-0.007278,-1.993617575,8620.943838,0,0,56640.37724,8620.943838,-423806.215,0,0,0,0,0,,,,,,,
Lending,,,,,,294760335,,,,-199.0370888,0,0,40229634.39,-199.0370888,294760335.2,,0,0,0,,,,,,,,
Lending,Crypto,,,,,294760335,,,,-199.0370888,0,0,40229634.39,-199.0370888,294760335.2,,0,0,0,,,,,,,,
Lending,Crypto,BTC,,,,294760335,,,,-199.0370888,0,0,40229634.39,-199.0370888,294760335.2,,0,0,0,,,,,,,,
Lending,Crypto,BTC,E_CRYPTO_EQUITY ,,,294760335,,,,-199.0370888,0,0,40229634.39,-199.0370888,294760335.2,,0,0,0,,,,,,,,
Lending,Crypto,BTC,E_CRYPTO_EQUITY ,ARKB,1275000,87060987,68.28312698,-4.61E-05,-6.75E-05,-58.78798234,0,0,15597530.4,-58.78798234,87060986.9,0,0,0,0,0,,,,,,,
Lending,Crypto,BTC,E_CRYPTO_EQUITY ,IBIT,5337300,207699348,38.91468501,-2.63E-05,-6.75E-05,-140.2491065,0,0,24632104,-140.2491065,207699348.3,0,0,0,0,0,,,,,,,
Novo,,,,,,1010577898,,,,-5561935.117,0,0,364678345.7,-2020207.015,974265510.4,,3541728.102,54289.79791,-246168.5985,,,,,,,,
Novo,Crypto,,,,,1010577898,,,,-5561935.117,0,0,364678345.7,-2020207.015,974265510.4,,3541728.102,54289.79791,-246168.5985,,,,,,,,
Novo,Crypto,BGCI,,,11392,31432319,2759.157209,33.58720863,1.232300349,382625.4807,0,0,18577287.65,382625.4807,31432318.92,0,0,0,0,0,,,,,,,
Novo,Crypto,BGCI,AssetMgmt,,11392,31432319,2759.157209,33.58720863,1.232300349,382625.4807,0,0,18577287.65,382625.4807,31432318.92,0,0,0,0,0,,,,,,,
Novo,Crypto,BGCI,AssetMgmt,BGCI,11392,31432319,2759.157209,33.58720863,1.232300349,382625.4807,0,0,18577287.65,382625.4807,31432318.92,0,0,0,0,0,,,,,,,
Novo,Crypto,BTC,,,,665944227,,,,-2660656.463,0,0,146946804.8,881071.6391,629631839.7,,3541728.102,54289.79791,-246168.5985,,,,,,,,
Novo,Crypto,BTC,Core,,,412907716,,,,-2439535.894,0,0,128269201.5,-2439535.894,412907716.5,,0,0,0,,,,,,,,
Novo,Crypto,BTC,Core,BTC,4681.737305,317081908,67727.40266,-400.1461421,-0.587348509,-1873379.121,0,0,92585130.39,-1873379.121,317081907.6,0,0,0,0,0,,,,,,,
Novo,Crypto,BTC,Core,BTC_MT_GOX,11319,95825809,8465.925333,-50.01826776,-0.587348509,-566156.7728,0,0,35684071.09,-566156.7728,95825808.84,0,0,0,0,0,,,,,,,
Novo,Crypto,BTC,ETF ,,,213136370,,,,-143.9204584,0,0,18179733.58,-143.9204584,213136369.8,,0,0,0,,,,,,,,
Novo,Crypto,BTC,ETF ,ARKB,1575000,107545925,68.28312698,-4.61E-05,-6.75E-05,-72.62044876,0,0,6919153.49,-72.62044876,107545925,0,0,0,0,0,,,,,,,
Novo,Crypto,BTC,ETF ,BTCO,725000,49490773,68.26313485,-4.61E-05,-6.75E-05,-33.41867326,0,0,7620423.763,-33.41867326,49490772.76,0,0,0,0,0,,,,,,,
Novo,Crypto,BTC,ETF ,GBTC,452797,27410599,60.53617581,-4.09E-05,-6.75E-05,-18.50902288,0,0,3032007.179,-18.50902288,27410598.8,0,0,0,0,0,,,,,,,
Novo,Crypto,BTC,ETF ,IBIT,737230,28689073,38.91468501,-2.63E-05,-6.75E-05,-19.37231349,0,0,608149.1506,-19.37231349,28689073.23,0,0,0,0,0,,,,,,,
Novo,Crypto,BTC,Options ,,,39900141,,,,-220976.6483,0,0,497869.7713,3320751.453,3587753.459,,3541728.102,54289.79791,-246168.5985,,,,,,,,
Novo,Crypto,BTC,Options ,BTCUSD-2024AUG02-C-70000=GALAXY_HK,1050,31144985,2544.590277,-159.3281695,-5.892491679,-167269.6677,0,0,760529.7014,2095288.483,2671819.791,43.79599572,2262558.151,47695.58255,-166260.4284,0.727882404,,,,,,,
Novo,Crypto,BTC,Options ,BTCUSD-2024AUG30-C-66000=GALAXY_HK,500,20854512,7183.710862,-269.2461493,-3.612608377,-134618.8546,0,0,2741859.651,461970.9906,3591855.431,61.58367496,596589.8451,42584.7297,-36484.80997,0.658682662,,,,,,,
Novo,Crypto,BTC,Options ,BTCUSD-2024AUG30-C-69000=GALAXY_HK,-500,-18119487,5777.23843,-227.8409671,-3.794137464,113916.1569,0,0,-2338623.541,-499888.4592,-2888619.215,53.50710795,-613804.6161,-44300.93575,38377.42309,0.666010297,,,,,,,
Novo,Crypto,BTC,Options ,BTCUSD-2024JUL26-C-72000=GALAXY_HK,460,6020132,462.3857654,-71.76258975,-13.43495474,-33004.28292,0,0,-665896.0395,1263380.439,212697.4521,19.32340844,1296384.722,8310.421404,-81800.78328,0.677291719,,,,,,,
Novo,Crypto,DOGE,,,37478153.25,5199088,0.138723173,-0.002675054,-1.891857899,-100256.0654,0,0,-800902.1476,-100256.0654,5199088.324,0,0,0,0,0,,,,,,,
Novo,Crypto,DOGE,Core,,37478153.25,5199088,0.138723173,-0.002675054,-1.891857899,-100256.0654,0,0,-800902.1476,-100256.0654,5199088.324,0,0,0,0,0,,,,,,,
Novo,Crypto,DOGE,Core,DOGE,37478153.25,5199088,0.138723173,-0.002675054,-1.891857899,-100256.0654,0,0,-800902.1476,-100256.0654,5199088.324,0,0,0,0,0,,,,,,,
Novo,Crypto,ETH,,,54054.99515,186625516,3452.511936,-35.93101557,-1.030001524,-1942250.873,0,0,116542305.9,-1942250.873,186625515.9,0,0,0,0,0,,,,,,,
Novo,Crypto,ETH,Core,,54054.99515,186625516,3452.511936,-35.93101557,-1.030001524,-1942250.873,0,0,116542305.9,-1942250.873,186625515.9,0,0,0,0,0,,,,,,,
Novo,Crypto,ETH,Core,ETH,54054.99515,186625516,3452.511936,-35.93101557,-1.030001524,-1942250.873,0,0,116542305.9,-1942250.873,186625515.9,0,0,0,0,0,,,,,,,
Novo,Crypto,FTX_SOL,,,1027652.278,101680832,98.9447836,-1.484695005,-1.478345826,-1525750.204,0,0,39333170.09,-1525750.204,101680832.3,0,0,0,0,0,,,,,,,
Novo,Crypto,FTX_SOL,Locked,,1027652.278,101680832,98.9447836,-1.484695005,-1.478345826,-1525750.204,0,0,39333170.09,-1525750.204,101680832.3,0,0,0,0,0,,,,,,,
Novo,Crypto,FTX_SOL,Locked,FTX_SOL,1027652.278,101680832,98.9447836,-1.484695005,-1.478345826,-1525750.204,0,0,39333170.09,-1525750.204,101680832.3,0,0,0,0,0,,,,,,,
Novo,Crypto,GDAM1,,,17105,55804984,3262.495387,-17.33764537,-0.528613658,-296560.424,0,0,34329859.64,-296560.424,55804983.59,0,0,0,0,0,,,,,,,
Novo,Crypto,GDAM1,AssetMgmt,,17105,55804984,3262.495387,-17.33764537,-0.528613658,-296560.424,0,0,34329859.64,-296560.424,55804983.59,0,0,0,0,0,,,,,,,
Novo,Crypto,GDAM1,AssetMgmt,GDAM1,17105,55804984,3262.495387,-17.33764537,-0.528613658,-296560.424,0,0,34329859.64,-296560.424,55804983.59,0,0,0,0,0,,,,,,,
Novo,Crypto,MKR,,,1842.256,5011754,2720.44377,-28.99832413,-1.054698485,-53422.33661,0,0,-19010.82601,-53422.33661,5011753.859,0,0,0,0,0,,,,,,,
Novo,Crypto,MKR,Core,,1842.256,5011754,2720.44377,-28.99832413,-1.054698485,-53422.33661,0,0,-19010.82601,-53422.33661,5011753.859,0,0,0,0,0,,,,,,,
Novo,Crypto,MKR,Core,MKR,1842.256,5011754,2720.44377,-28.99832413,-1.054698485,-53422.33661,0,0,-19010.82601,-53422.33661,5011753.859,0,0,0,0,0,,,,,,,
Novo,Crypto,SKL,,,-30279769.08,-1516180,0.050072362,-0.000787463,-1.548300994,23844.20325,0,0,579010.1376,23844.20325,-1516179.561,0,0,0,0,0,,,,,,,
Novo,Crypto,SKL,SpecialSits,,-30279769.08,-1516180,0.050072362,-0.000787463,-1.548300994,23844.20325,0,0,579010.1376,23844.20325,-1516179.561,0,0,0,0,0,,,,,,,
Novo,Crypto,SKL,SpecialSits,SKL,-30279769.08,-1516180,0.050072362,-0.000787463,-1.548300994,23844.20325,0,0,579010.1376,23844.20325,-1516179.561,0,0,0,0,0,,,,,,,
Novo,Crypto,SOL,,,-226557.278,-40757565,179.8996065,-2.699445463,-1.478345826,611579.0162,0,0,8263982.015,611579.0162,-40757565.17,0,0,0,0,0,,,,,,,
Novo,Crypto,SOL,Core,,-273601.2456,-49220756,179.8996065,-2.699445463,-1.478345826,738571.6413,0,0,6187479.793,738571.6413,-49220756.44,0,0,0,0,0,,,,,,,
Novo,Crypto,SOL,Core,SOL,-273601.2456,-49220756,179.8996065,-2.699445463,-1.478345826,738571.6413,0,0,6187479.793,738571.6413,-49220756.44,0,0,0,0,0,,,,,,,
Novo,Crypto,SOL,Locked,,47043.96765,8463191,179.8996065,-2.699445463,-1.478345826,-126992.6251,0,0,2076502.223,-126992.6251,8463191.271,0,0,0,0,0,,,,,,,
Novo,Crypto,SOL,Locked,SOL,47043.96765,8463191,179.8996065,-2.699445463,-1.478345826,-126992.6251,0,0,2076502.223,-126992.6251,8463191.271,0,0,0,0,0,,,,,,,
Novo,Crypto,VEE,,,78629940.7,1152923,0.01466264,-1.38E-05,-0.094232469,-1087.45208,0,0,925838.4587,-1087.45208,1152922.514,0,0,0,0,0,,,,,,,
Novo,Crypto,VEE,SpecialSits,,78629940.7,1152923,0.01466264,-1.38E-05,-0.094232469,-1087.45208,0,0,925838.4587,-1087.45208,1152922.514,0,0,0,0,0,,,,,,,
Novo,Crypto,VEE,SpecialSits,VEE,78629940.7,1152923,0.01466264,-1.38E-05,-0.094232469,-1087.45208,0,0,925838.4587,-1087.45208,1152922.514,0,0,0,0,0,,,,,,,
Other,,,,,,-26596390,,,,299252.1715,0,0,186169.8003,299252.1715,-27838826.26,,-0.599196248,2620.152571,-0.690403913,,,,,,,,
Other,Crypto,,,,,-28110260,,,,300251.0788,0,0,152107.8952,300251.0788,-28110259.95,,0,0,0,,,,,,,,
Other,Crypto,BTC,,,74861,740084,9.886109293,-6.68E-06,-6.75E-05,-0.499742173,0,0,58296.98779,-0.499742173,740084.0278,0,0,0,0,0,,,,,,,
Other,Crypto,BTC,E_CRYPTO_EQUITY ,,74861,740084,9.886109293,-6.68E-06,-6.75E-05,-0.499742173,0,0,58296.98779,-0.499742173,740084.0278,0,0,0,0,0,,,,,,,
Other,Crypto,BTC,E_CRYPTO_EQUITY ,FIP,74861,740084,9.886109293,-6.68E-06,-6.75E-05,-0.499742173,0,0,58296.98779,-0.499742173,740084.0278,0,0,0,0,0,,,,,,,
Other,Crypto,ETH,,,-8356.334319,-28850344,3452.511936,-35.93101557,-1.030001524,300251.5786,0,0,93810.90742,300251.5786,-28850343.98,0,0,0,0,0,,,,,,,
Other,Crypto,ETH,,,-8356.334319,-28850344,3452.511936,-35.93101557,-1.030001524,300251.5786,0,0,93810.90742,300251.5786,-28850343.98,0,0,0,0,0,,,,,,,
Other,Crypto,ETH,,ETH,-8356.334319,-28850344,3452.511936,-35.93101557,-1.030001524,300251.5786,0,0,93810.90742,300251.5786,-28850343.98,0,0,0,0,0,,,,,,,
Other,Equities,,,,,1513870,,,,-998.9072978,0,0,34061.90513,-998.9072978,271433.6855,,-0.599196248,2620.152571,-0.690403913,,,,,,,,
Other,Equities,FIP,,,700,313660,1.019141583,-100.8537475,-98.9995949,0.823761179,0,0,21311.84613,0.823761179,71339.91082,45.30689237,-0.629418739,1761.260938,-0.166548692,0.558749034,,,,,,,
Other,Equities,FIP,E_CRYPTO_OPTIONS ,,700,313660,1.019141583,-100.8537475,-98.9995949,0.823761179,0,0,21311.84613,0.823761179,71339.91082,45.30689237,-0.629418739,1761.260938,-0.166548692,0.558749034,,,,,,,
Other,Equities,FIP,E_CRYPTO_OPTIONS ,FIP/20Dec2024/C11.0,700,313660,1.019141583,-100.8537475,-98.9995949,0.823761179,0,0,21311.84613,0.823761179,71339.91082,45.30689237,-0.629418739,1761.260938,-0.166548692,0.558749034,,,,,,,
Other,Equities,MARA,,,0,273142,0.885017893,-87.58201813,-98.99960718,-0.025528442,0,0,-4919.852752,-0.025528442,44097.49494,27.15231547,0.003621548,277.9246511,-0.115327514,1.490463485,,,,,,,
Other,Equities,MARA,E_CRYPTO_OPTIONS ,,0,273142,0.885017893,-87.58201813,-98.99960718,-0.025528442,0,0,-4919.852752,-0.025528442,44097.49494,27.15231547,0.003621548,277.9246511,-0.115327514,1.490463485,,,,,,,
Other,Equities,MARA,E_CRYPTO_OPTIONS ,MARA/02Aug2024/C27.0,700,591780,1.2,-118.7528737,-98.99960713,-0.056698735,0,0,-20886.04509,-0.056698735,84000,35.29851894,-0.000310862,1030.596351,-0.220228394,1.439664713,,,,,,,
Other,Equities,MARA,E_CRYPTO_OPTIONS ,MARA/02Aug2024/C31.0,-700,-318637,0.570035787,-56.41116254,-98.99960723,0.031170293,0,0,15966.19234,0.031170293,-39902.50506,19.00611201,0.00393241,-752.6716995,0.104900881,1.541262258,,,,,,,
Other,Equities,RIOT,,,,927068,,,,-999.7055305,0,0,17669.91175,-999.7055305,155996.2797,,0.026600944,580.9669818,-0.408527708,,,,,,,,
Other,Equities,RIOT,E_CRYPTO_OPTIONS ,,,927068,,,,-999.7055305,0,0,17669.91175,-999.7055305,155996.2797,,0.026600944,580.9669818,-0.408527708,,,,,,,,
Other,Equities,RIOT,E_CRYPTO_OPTIONS ,RIOT/02Aug2024/C12.0,1000,712251,1.13,-112.82523,-99.0083825,-999.6835543,0,0,32089.54648,-999.6835543,113000,58.1904692,0.000532907,790.8432848,-0.296259626,1.246732935,,,,,,,
Other,Equities,RIOT,E_CRYPTO_OPTIONS ,RIOT/02Aug2024/C13.0,2000,1052582,0.72,-71.25172423,-98.99960713,-0.097197832,0,0,-13056.64873,-0.097197832,144000,42.99761797,0.000888178,1590.906079,-0.37753439,1.26190698,,,,,,,
Other,Equities,RIOT,E_CRYPTO_OPTIONS ,RIOT/02Aug2024/C14.0,-1000,-383332,0.49,-48.49075677,-98.99960713,0.033074262,0,0,-15379.7237,0.033074262,-49000,31.31796755,-0.000355271,-717.6351836,0.128466563,1.341642458,,,,,,,
Other,Equities,RIOT,E_CRYPTO_OPTIONS ,RIOT/02Aug2024/C15.5,-2000,-454433,0.260018601,-25.73163363,-98.99960726,0.04214737,0,0,14016.73769,0.04214737,-52003.72026,18.56344335,0.02553513,-1083.147198,0.136799745,1.402780539,,,,,,,
Placeholder,,,,,,-3894895,,,,-11593.2002,-2999857.373,-8.480640111,809967.8951,-3011442.093,-3894895.379,,0,0,0,,,,,,,,
Placeholder,Placeholder,,,,,-3894895,,,,-11593.2002,-2999857.373,-8.480640111,809967.8951,-3011442.093,-3894895.379,,0,0,0,,,,,,,,
Placeholder,Placeholder,ALT,,,1860766,274701,0.147628,-0.002919,-1.938929371,-4331.249195,274701.163,-4331.249195,-4331.249195,274701.163,274701.163,0,0,0,0,0,,,,,,,
Placeholder,Placeholder,ALT,Placeholder ,,1860766,274701,0.147628,-0.002919,-1.938929371,-4331.249195,274701.163,-4331.249195,-4331.249195,274701.163,274701.163,0,0,0,0,0,,,,,,,
Placeholder,Placeholder,ALT,Placeholder ,ALT,1860766,274701,0.147628,-0.002919,-1.938929371,-4331.249195,274701.163,-4331.249195,-4331.249195,274701.163,274701.163,0,0,0,0,0,,,,,,,
Placeholder,Placeholder,ARKM,,,-90876,-138132,1.52,-0.03,-1.935483871,1845.246268,-138131.52,1845.246268,1845.246268,-138131.52,-138131.52,0,0,0,0,0,,,,,,,
Placeholder,Placeholder,ARKM,Placeholder ,,-90876,-138132,1.52,-0.03,-1.935483871,1845.246268,-138131.52,1845.246268,1845.246268,-138131.52,-138131.52,0,0,0,0,0,,,,,,,
Placeholder,Placeholder,ARKM,Placeholder ,ARKM,-90876,-138132,1.52,-0.03,-1.935483871,1845.246268,-138131.52,1845.246268,1845.246268,-138131.52,-138131.52,0,0,0,0,0,,,,,,,
Placeholder,Placeholder,BTC,,,-22.21695892,-1504697,67727.40266,-400.1461421,-0.587348509,-8383.571103,-2998482.695,441.9941864,439052.8339,-3007308.261,-1504696.923,0,0,0,0,0,,,,,,,
Placeholder,Placeholder,BTC,Placeholder ,,-22.21695892,-1504697,67727.40266,-400.1461421,-0.587348509,-8383.571103,-2998482.695,441.9941864,439052.8339,-3007308.261,-1504696.923,0,0,0,0,0,,,,,,,
Placeholder,Placeholder,BTC,Placeholder ,BTC,-22.21695892,-1504697,67727.40266,-400.1461421,-0.587348509,-8383.571103,-2998482.695,441.9941864,439052.8339,-3007308.261,-1504696.923,0,0,0,0,0,,,,,,,
Placeholder,Placeholder,ETH,,,-902.965,-3117497,3452.511936,-35.93101557,-1.030001524,32444.44948,0,0,-564262.8549,32444.44948,-3117497.44,0,0,0,0,0,,,,,,,
Placeholder,Placeholder,ETH,Placeholder ,,-902.965,-3117497,3452.511936,-35.93101557,-1.030001524,32444.44948,0,0,-564262.8549,32444.44948,-3117497.44,0,0,0,0,0,,,,,,,
Placeholder,Placeholder,ETH,Placeholder ,ETH,-902.965,-3117497,3452.511936,-35.93101557,-1.030001524,32444.44948,0,0,-564262.8549,32444.44948,-3117497.44,0,0,0,0,0,,,,,,,
Placeholder,Placeholder,MATIC,,,402892.7002,216095,0.536358983,-0.003560691,-0.659485305,-1434.576374,0,0,-104744.5974,-1434.576374,216095.1188,0,0,0,0,0,,,,,,,
Placeholder,Placeholder,MATIC,Placeholder ,,402892.7002,216095,0.536358983,-0.003560691,-0.659485305,-1434.576374,0,0,-104744.5974,-1434.576374,216095.1188,0,0,0,0,0,,,,,,,
Placeholder,Placeholder,MATIC,Placeholder ,MATIC,402892.7002,216095,0.536358983,-0.003560691,-0.659485305,-1434.576374,0,0,-104744.5974,-1434.576374,216095.1188,0,0,0,0,0,,,,,,,
Placeholder,Placeholder,SOL,,,7192.34,1293899,179.8996065,-2.699445463,-1.478345826,-19415.32958,0,0,453859.6485,-19415.32958,1293899.136,0,0,0,0,0,,,,,,,
Placeholder,Placeholder,SOL,Placeholder ,,7192.34,1293899,179.8996065,-2.699445463,-1.478345826,-19415.32958,0,0,453859.6485,-19415.32958,1293899.136,0,0,0,0,0,,,,,,,
Placeholder,Placeholder,SOL,Placeholder ,SOL,7192.34,1293899,179.8996065,-2.699445463,-1.478345826,-19415.32958,0,0,453859.6485,-19415.32958,1293899.136,0,0,0,0,0,,,,,,,
Placeholder,Placeholder,STRK,,,-235493.5,-137944,0.585767,-0.009861,-1.65556354,2035.528101,-137944.321,2035.528101,2035.528101,-137944.321,-137944.321,0,0,0,0,0,,,,,,,
Placeholder,Placeholder,STRK,Placeholder ,,-235493.5,-137944,0.585767,-0.009861,-1.65556354,2035.528101,-137944.321,2035.528101,2035.528101,-137944.321,-137944.321,0,0,0,0,0,,,,,,,
Placeholder,Placeholder,STRK,Placeholder ,STRK,-235493.5,-137944,0.585767,-0.009861,-1.65556354,2035.528101,-137944.321,2035.528101,2035.528101,-137944.321,-137944.321,0,0,0,0,0,,,,,,,
Placeholder,Placeholder,USDT,,,-2511000,-2511911,1.000362642,6.12E-05,0.006119135,-153.6977902,0,0,-1891.6601,-153.6977902,-2511910.593,0,0,0,0,0,,,,,,,
Placeholder,Placeholder,USDT,Placeholder ,,-2511000,-2511911,1.000362642,6.12E-05,0.006119135,-153.6977902,0,0,-1891.6601,-153.6977902,-2511910.593,0,0,0,0,0,,,,,,,
Placeholder,Placeholder,USDT,Placeholder ,USDT,-2511000,-2511911,1.000362642,6.12E-05,0.006119135,-153.6977902,0,0,-1891.6601,-153.6977902,-2511910.593,0,0,0,0,0,,,,,,,
Placeholder,Placeholder,WETH,,,500,1730590,3461.18,-28.4,-0.813851524,-14200,0,0,588405,-14200,1730590,0,0,0,0,0,,,,,,,
Placeholder,Placeholder,WETH,Placeholder ,,500,1730590,3461.18,-28.4,-0.813851524,-14200,0,0,588405,-14200,1730590,0,0,0,0,0,,,,,,,
Placeholder,Placeholder,WETH,Placeholder ,WETH,500,1730590,3461.18,-28.4,-0.813851524,-14200,0,0,588405,-14200,1730590,0,0,0,0,0,,,,,,,
SP,,,,,0,398288,,,,-2003.827662,0,0,106421234.1,-26213.76397,325902.2437,,-24209.93631,-165.0679761,1728.060469,,,,,,,,
SP,SP,,,,0,398288,,,,-2003.827662,0,0,106421234.1,-26213.76397,325902.2437,,-24209.93631,-165.0679761,1728.060469,,,,,,,,
SP,SP,SP,,,0,398288,,,,-2003.827662,0,0,106421234.1,-26213.76397,325902.2437,,-24209.93631,-165.0679761,1728.060469,,,,,,,,
SP,SP,SP,SP ,,0,398288,,,,-2003.827662,0,0,106421234.1,-26213.76397,325902.2437,,-24209.93631,-165.0679761,1728.060469,,,,,,,,
SP,SP,SP,SP ,SP,0,398288,,,,-2003.827662,0,0,106421234.1,-26213.76397,325902.2437,,-24209.93631,-165.0679761,1728.060469,,,,,,,,
Ventures,,,,,,86385152,,,,-1330888.352,0,0,-46129444.48,-1330888.352,86385152.1,,0,0,0,,,,,,,,
Ventures,Crypto,,,,,104776344,,,,-1632383.297,0,0,-58150893.85,-1632383.297,104776343.8,,0,0,0,,,,,,,,
Ventures,Crypto,MATIC,,,4016064,2154052,0.536358983,-0.003560691,-0.659485305,-14299.96256,0,0,-1810227.194,-14299.96256,2154052.001,0,0,0,0,0,,,,,,,
Ventures,Crypto,MATIC,Locked ,,4016064,2154052,0.536358983,-0.003560691,-0.659485305,-14299.96256,0,0,-1810227.194,-14299.96256,2154052.001,0,0,0,0,0,,,,,,,
Ventures,Crypto,MATIC,Locked ,MATIC,4016064,2154052,0.536358983,-0.003560691,-0.659485305,-14299.96256,0,0,-1810227.194,-14299.96256,2154052.001,0,0,0,0,0,,,,,,,
Ventures,Crypto,PYTH,,,41666667,14782292,0.354775,-0.004274,-1.190366774,-178083.3348,0,0,779333.3396,-178083.3348,14782291.78,0,0,0,0,0,,,,,,,
Ventures,Crypto,PYTH,Locked ,,41666667,14782292,0.354775,-0.004274,-1.190366774,-178083.3348,0,0,779333.3396,-178083.3348,14782291.78,0,0,0,0,0,,,,,,,
Ventures,Crypto,PYTH,Locked ,PYTH,41666667,14782292,0.354775,-0.004274,-1.190366774,-178083.3348,0,0,779333.3396,-178083.3348,14782291.78,0,0,0,0,0,,,,,,,
Ventures,Crypto,TIA,,,12000000,87840000,7.32,-0.12,-1.612903226,-1440000,0,0,-57120000,-1440000,87840000,0,0,0,0,0,,,,,,,
Ventures,Crypto,TIA,Locked ,,12000000,87840000,7.32,-0.12,-1.612903226,-1440000,0,0,-57120000,-1440000,87840000,0,0,0,0,0,,,,,,,
Ventures,Crypto,TIA,Locked ,TIA,12000000,87840000,7.32,-0.12,-1.612903226,-1440000,0,0,-57120000,-1440000,87840000,0,0,0,0,0,,,,,,,
Ventures,Perp,,,,-1900727,-13913322,7.32,-0.12,-1.612903226,228087.24,0,0,8407985.834,228087.24,-13913321.64,0,0,0,0,0,,,,,,,
Ventures,Perp,TIA,,,-1900727,-13913322,7.32,-0.12,-1.612903226,228087.24,0,0,8407985.834,228087.24,-13913321.64,0,0,0,0,0,,,,,,,
Ventures,Perp,TIA, ,,-1900727,-13913322,7.32,-0.12,-1.612903226,228087.24,0,0,8407985.834,228087.24,-13913321.64,0,0,0,0,0,,,,,,,
Ventures,Perp,TIA, ,TIA,-1900727,-13913322,7.32,-0.12,-1.612903226,228087.24,0,0,8407985.834,228087.24,-13913321.64,0,0,0,0,0,,,,,,,
Ventures,Spot,,,,-611730.88,-4477870,7.32,-0.12,-1.612903226,73407.7056,0,0,3613463.536,73407.7056,-4477870.042,0,0,0,0,0,,,,,,,
Ventures,Spot,TIA,,,-611730.88,-4477870,7.32,-0.12,-1.612903226,73407.7056,0,0,3613463.536,73407.7056,-4477870.042,0,0,0,0,0,,,,,,,
Ventures,Spot,TIA, ,,-611730.88,-4477870,7.32,-0.12,-1.612903226,73407.7056,0,0,3613463.536,73407.7056,-4477870.042,0,0,0,0,0,,,,,,,
Ventures,Spot,TIA, ,TIA,-611730.88,-4477870,7.32,-0.12,-1.612903226,73407.7056,0,0,3613463.536,73407.7056,-4477870.042,0,0,0,0,0,,,,,,,
