,,,,,Quantity,Delta,Price,Price Change,Price Change (%),Period PnL,Traded Delta,Traded PnL,YTD PnL,Period Delta Change,Mkt Value,%Delta,$Gamma,$Vega,$Theta,ImpliedVol
Pod(L2),Book(L3),Underlier,Desk Strategy,Ticker,,,,,,,,,,,,,,,,
,,,,,,1425220826.3558922,,,,-7662725.504115451,-2999857.3733109063,-8.480640111374669,407629190.68564093,-7426799.499764591,1346905284.7133915,,3235775.2885146607,37593.7672708498,-249714.71237121243,
Beimnet,,,,,,-1267340.1057587285,,,,141379.87506330854,0.0,0.0,-3252694.6669492233,116195.46134793895,-16481923.89420566,,-25184.413715369534,11473.398087792482,-16940.48255186434,
Beimnet,Crypto,,,,,-525977.4157787338,,,,133210.58922330805,0.0,0.0,-699501.1946638608,108026.17550793843,-15740561.204225667,,-25184.413715369534,11473.398087792482,-16940.48255186434,
Beimnet,Crypto,AKT,,,159156.6288000001,577738.5625440002,3.6300000000000003,-0.040000000000000036,-1.0899182561307912,-6366.26515200038,0.0,0.0,-1656000.632980092,-6366.26515200038,577738.5625440002,0.0,0.0,0.0,0.0,0.0
Beimnet,Crypto,AKT,Core,,159156.6288000001,577738.5625440002,3.63,-0.040000000000000036,-1.0899182561307912,-6366.26515200038,0.0,0.0,-1812198.544180092,-6366.26515200038,577738.5625440002,0.0,0.0,0.0,0.0,0.0
Beimnet,Crypto,AKT,Core,AKT,159156.6288000001,577738.5625440002,3.63,-0.040000000000000036,-1.0899182561307912,-6366.26515200038,0.0,0.0,-1812198.544180092,-6366.26515200038,577738.5625440002,0.0,0.0,0.0,0.0,0.0
Beimnet,Crypto,AKT,StratOps,,0.0,0.0,3.63,-0.040000000000000036,-1.0899182561307912,0.0,0.0,0.0,156197.91119999997,0.0,0.0,0.0,0.0,0.0,0.0,0.0
Beimnet,Crypto,AKT,StratOps,AKT,0.0,0.0,3.63,-0.040000000000000036,-1.0899182561307912,0.0,0.0,0.0,156197.91119999997,0.0,0.0,0.0,0.0,0.0,0.0,0.0
Beimnet,Crypto,AVAX,,,-1124782.2589999996,-35973994.36771387,31.983074128229,-0.34084571034200195,-1.054468987809092,383377.2080489368,0.0,0.0,-6669376.23866351,383377.2080489368,-35973994.36771387,0.0,0.0,0.0,0.0,0.0
Beimnet,Crypto,AVAX,SpecialSits,,-1124782.2589999996,-35973994.36771387,31.983074128229,-0.34084571034200195,-1.054468987809092,383377.2080489368,0.0,0.0,-6669376.23866351,383377.2080489368,-35973994.36771387,0.0,0.0,0.0,0.0,0.0
Beimnet,Crypto,AVAX,SpecialSits,AVAX,-1124782.2589999996,-35973994.36771387,31.983074128229,-0.34084571034200195,-1.054468987809092,383377.2080489368,0.0,0.0,-6669376.23866351,383377.2080489368,-35973994.36771387,0.0,0.0,0.0,0.0,0.0
Beimnet,Crypto,BTC,,,,22711074.11991761,,,,-128091.26883010336,0.0,0.0,1365727.4622961816,-153275.68254547296,7496490.331470679,,-25184.413715369534,11473.39808779248,-16940.48255186435,
Beimnet,Crypto,BTC,Core,,80.84678273000914,5475542.607890569,67727.40266210769,-400.14614211258595,-0.5873485089893594,-32350.528211630735,0.0,0.0,296126.05144489976,-32350.528211630735,5475542.607890569,0.0,0.0,0.0,0.0,0.0
Beimnet,Crypto,BTC,Core,BTC,80.84678273000914,5475542.607890569,67727.40266210769,-400.14614211258595,-0.5873485089893594,-32350.528211630735,0.0,0.0,296126.05144489976,-32350.528211630735,5475542.607890569,0.0,0.0,0.0,0.0,0.0
Beimnet,Crypto,BTC,Options ,,,17235531.51202704,,,,-95740.74061847263,0.0,0.0,1069601.4108512818,-120925.15433384222,2020947.7235801097,,-25184.413715369534,11473.39808779248,-16940.48255186435,
Beimnet,Crypto,BTC,Options ,BTCUSD-2024AUG02-C-70000=GALAXY_HK,500.0,14830945.184213622,2544.590277256826,-159.3281694887737,-5.8924916792715765,-79652.22272055503,0.0,0.0,362157.0006522448,997756.4204213226,1272295.138628413,43.79599571595938,1077408.6431418776,22712.182167624283,-79171.63255393,0.7278824039127335
Beimnet,Crypto,BTC,Options ,BTCUSD-2024AUG02-C-76000=GALAXY_HK,-200.0,-3007281.0701258257,1072.9587309753279,-72.85985159163283,-6.358759815921816,14568.252191094507,0.0,0.0,-64595.46432229763,-290801.8062426187,-214591.74619506556,22.201361280080118,-305370.0584337132,-6861.147239894882,25491.72561829502,0.7758058307287979
Beimnet,Crypto,BTC,Options ,BTCUSD-2024JUL26-C-63000=GALAXY_HK,400.0,24164667.948565952,5090.803254404782,-376.07344688559533,-6.87912801832221,-150421.47476379154,0.0,0.0,1716329.2057523592,662858.2713293007,2036321.3017619126,89.1982676093589,813279.7460930923,4891.55451357036,-45173.56844162889,0.6354573009656943
Beimnet,Crypto,BTC,Options ,BTCUSD-2024JUL26-C-66000=GALAXY_HK,-400.0,-18752800.55062671,2682.6924265378766,-299.44266322663316,-10.041217255864797,119764.70467477944,0.0,0.0,-944289.3312310246,-1490738.0398418468,-1073076.9706151506,69.22161419722721,-1610502.7445166262,-9269.191353507278,81912.99282539953,0.6080787338407786
Beimnet,Crypto,ETH,,,-1854.3308107899707,-6402099.256846963,3452.51193562355,-35.93101557217915,-1.0300015243151137,66627.9892384801,0.0,0.0,416612.65968604945,66627.9892384801,-6402099.256846963,0.0,0.0,0.0,0.0,0.0
Beimnet,Crypto,ETH,Core,,-1854.3308107899707,-6402099.256846963,3452.51193562355,-35.93101557217915,-1.0300015243151137,66627.9892384801,0.0,0.0,416612.65968604945,66627.9892384801,-6402099.256846963,0.0,0.0,0.0,0.0,0.0
Beimnet,Crypto,ETH,Core,ETH,-1854.3308107899707,-6402099.256846963,3452.51193562355,-35.93101557217915,-1.0300015243151137,66627.9892384801,0.0,0.0,416612.65968604945,66627.9892384801,-6402099.256846963,0.0,0.0,0.0,0.0,0.0
Beimnet,Crypto,LEO,,,40000.0,231792.41249944,5.794810312486,0.008922032500000121,0.1542033317660553,356.8813000000082,0.0,0.0,72487.58673275998,356.8813000000082,231792.41249944,0.0,0.0,0.0,0.0,0.0
Beimnet,Crypto,LEO,Core,,40000.0,231792.41249944,5.794810312486,0.008922032500000121,0.1542033317660553,356.8813000000082,0.0,0.0,72487.58673275998,356.8813000000082,231792.41249944,0.0,0.0,0.0,0.0,0.0
Beimnet,Crypto,LEO,Core,LEO,40000.0,231792.41249944,5.794810312486,0.008922032500000121,0.1542033317660553,356.8813000000082,0.0,0.0,72487.58673275998,356.8813000000082,231792.41249944,0.0,0.0,0.0,0.0,0.0
Beimnet,Crypto,LOCKED_AVAX,,,1016122.476629,20704934.82633555,20.376416527094694,-0.21715280205889087,-1.054468987809099,-220653.84303500503,0.0,0.0,5704934.82633825,-220653.84303500503,20704934.82633555,0.0,0.0,0.0,0.0,0.0
Beimnet,Crypto,LOCKED_AVAX,Locked,,1016122.476629,20704934.82633555,20.376416527094694,-0.21715280205889087,-1.054468987809099,-220653.84303500503,0.0,0.0,5704934.82633825,-220653.84303500503,20704934.82633555,0.0,0.0,0.0,0.0,0.0
Beimnet,Crypto,LOCKED_AVAX,Locked,LOCKED_AVAX,1016122.476629,20704934.82633555,20.376416527094694,-0.21715280205889087,-1.054468987809099,-220653.84303500503,0.0,0.0,5704934.82633825,-220653.84303500503,20704934.82633555,0.0,0.0,0.0,0.0,0.0
Beimnet,Crypto,SUI,,,-1857957.5,-1561485.0796825,0.840431,-0.011249999999999982,-1.320917103939149,20902.02187499986,0.0,0.0,-61485.3875475002,20902.02187499986,-1561485.0796825,0.0,0.0,0.0,0.0,0.0
Beimnet,Crypto,SUI,Core,,-1857957.5,-1561485.0796825,0.840431,-0.011249999999999982,-1.320917103939149,20902.02187499986,0.0,0.0,-61485.3875475002,20902.02187499986,-1561485.0796825,0.0,0.0,0.0,0.0,0.0
Beimnet,Crypto,SUI,Core,SUI,-1857957.5,-1561485.0796825,0.840431,-0.011249999999999982,-1.320917103939149,20902.02187499986,0.0,0.0,-61485.3875475002,20902.02187499986,-1561485.0796825,0.0,0.0,0.0,0.0,0.0
Beimnet,Crypto,WLD,,,-178453.84100000004,-414012.91111999995,2.32,-0.050000000000000266,-2.109704641350222,8922.69205000014,0.0,0.0,-22474.762389999814,8922.69205000014,-414012.91111999995,0.0,0.0,0.0,0.0,0.0
Beimnet,Crypto,WLD,Core,,-178453.84100000004,-414012.91111999995,2.32,-0.050000000000000266,-2.109704641350222,8922.69205000014,0.0,0.0,-22474.762389999814,8922.69205000014,-414012.91111999995,0.0,0.0,0.0,0.0,0.0
Beimnet,Crypto,WLD,Core,WLD,-178453.84100000004,-414012.91111999995,2.32,-0.050000000000000266,-2.109704641350222,8922.69205000014,0.0,0.0,-22474.762389999814,8922.69205000014,-414012.91111999995,0.0,0.0,0.0,0.0,0.0
Beimnet,Crypto,XAI,,,-1117776.0,-399925.721712,0.357787,-0.007277999999999951,-1.9936175749523926,8135.173727999936,0.0,0.0,150073.291864,8135.173727999936,-399925.721712,0.0,0.0,0.0,0.0,0.0
Beimnet,Crypto,XAI,Core,,-1117776.0,-399925.721712,0.357787,-0.007277999999999951,-1.9936175749523926,8135.173727999936,0.0,0.0,150073.291864,8135.173727999936,-399925.721712,0.0,0.0,0.0,0.0,0.0
Beimnet,Crypto,XAI,Core,XAI,-1117776.0,-399925.721712,0.357787,-0.007277999999999951,-1.9936175749523926,8135.173727999936,0.0,0.0,150073.291864,8135.173727999936,-399925.721712,0.0,0.0,0.0,0.0,0.0
Beimnet,StratOps,,,,-204232.1459999988,-741362.6899799928,3.63,-0.040000000000000036,-1.0899182561307912,8169.285840000492,0.0,0.0,-2553193.4722853606,8169.285840000492,-741362.6899799928,0.0,0.0,0.0,0.0,0.0
Beimnet,StratOps,AKT,,,-204232.1459999988,-741362.6899799928,3.63,-0.040000000000000036,-1.0899182561307912,8169.285840000492,0.0,0.0,-2553193.4722853606,8169.285840000492,-741362.6899799928,0.0,0.0,0.0,0.0,0.0
Beimnet,StratOps,AKT,,,-204232.1459999988,-741362.6899799928,3.63,-0.040000000000000036,-1.0899182561307912,8169.285840000492,0.0,0.0,-2553193.4722853606,8169.285840000492,-741362.6899799928,0.0,0.0,0.0,0.0,0.0
Beimnet,StratOps,AKT,,AKT,-204232.1459999988,-741362.6899799928,3.63,-0.040000000000000036,-1.0899182561307912,8169.285840000492,0.0,0.0,-2553193.4722853606,8169.285840000492,-741362.6899799928,0.0,0.0,0.0,0.0,0.0
Bouchra,,,,,,31527498.789855167,,,,-211702.65757256438,0.0,0.0,2652766.612621682,-468261.51225651795,26448509.246275105,,-256558.53524842,-4021.203571342226,11670.56844520302,
Bouchra,Crypto,,,,,30531195.710405156,,,,-212232.88024596105,0.0,0.0,2688732.221597501,-468791.7349299146,26367392.944587674,,-256558.53703132714,-6308.480062747636,11670.779638866821,
Bouchra,Crypto,ALT,,,-1860766.0,-274701.163048,0.147628,-0.002918999999999977,-1.9389293708941244,5431.575953999942,0.0,0.0,45224.50344783999,5431.575953999942,-274701.163048,0.0,0.0,0.0,0.0,0.0
Bouchra,Crypto,ALT,RelativeValue,,-1860766.0,-274701.163048,0.147628,-0.002918999999999977,-1.9389293708941244,5431.575953999942,0.0,0.0,45224.50344783999,5431.575953999942,-274701.163048,0.0,0.0,0.0,0.0,0.0
Bouchra,Crypto,ALT,RelativeValue,ALT,-1860766.0,-274701.163048,0.147628,-0.002918999999999977,-1.9389293708941244,5431.575953999942,0.0,0.0,45224.50344783999,5431.575953999942,-274701.163048,0.0,0.0,0.0,0.0,0.0
Bouchra,Crypto,ARKM,,,-324098.0,-492628.96,1.52,-0.030000000000000027,-1.9354838709677438,9722.940000000002,0.0,0.0,27287.81030466,9722.940000000002,-492628.96,0.0,0.0,0.0,0.0,0.0
Bouchra,Crypto,ARKM,RelativeValue,,-324098.0,-492628.96,1.52,-0.030000000000000027,-1.9354838709677438,9722.940000000002,0.0,0.0,27287.81030466,9722.940000000002,-492628.96,0.0,0.0,0.0,0.0,0.0
Bouchra,Crypto,ARKM,RelativeValue,ARKM,-324098.0,-492628.96,1.52,-0.030000000000000027,-1.9354838709677438,9722.940000000002,0.0,0.0,27287.81030466,9722.940000000002,-492628.96,0.0,0.0,0.0,0.0,0.0
Bouchra,Crypto,BTC,,,,21851007.836570263,,,,-123840.86375233807,0.0,0.0,2086096.0847925423,-380908.8504499567,17055163.049171384,,-257067.66904499242,-2281.5628841745893,11574.249425941678,
Bouchra,Crypto,BTC,Core,,208.58241942,14126745.508294972,67727.40266210769,-400.14614211258595,-0.5873485089893594,-83463.45044342277,0.0,0.0,1573325.8789304225,-83463.45044342277,14126745.508294972,0.0,0.0,0.0,0.0,0.0
Bouchra,Crypto,BTC,Core,BTC,208.58241942,14126745.508294972,67727.40266210769,-400.14614211258595,-0.5873485089893594,-83463.45044342277,0.0,0.0,1573325.8789304225,-83463.45044342277,14126745.508294972,0.0,0.0,0.0,0.0,0.0
Bouchra,Crypto,BTC,E_CRYPTO_EQUITY ,,,1512878.500560088,,,,0.6426778239710984,0.0,0.0,392375.82966695656,0.6426778239710984,1642898.6695045487,,0.3176526264248025,-459.7546872647421,0.11224046878000354,
Bouchra,Crypto,BTC,E_CRYPTO_EQUITY ,FIP,27144.0,268348.5506517595,9.886109293094588,-6.675601083472316e-06,-6.752501290305078e-05,-0.18120251581513003,0.0,0.0,19393.780651737805,-0.18120251581513003,268348.5506517595,0.0,0.0,0.0,0.0,0.0
Bouchra,Crypto,BTC,E_CRYPTO_EQUITY ,WULF,245800.0,1405422.8917561127,5.7177497630435825,-3.860913873054983e-06,-6.752501291552172e-05,-0.9490126299515396,0.0,0.0,364917.6767561124,-0.9490126299515396,1405422.8917561127,0.0,0.0,0.0,0.0,0.0
Bouchra,Crypto,BTC,E_CRYPTO_EQUITY ,WULF/16Aug2024/C7.0,-865.0,-160892.9418477839,0.356910669402583,-35.322165207896205,-98.99966391890305,1.772892969737768,0.0,0.0,8064.372259106288,1.772892969737768,-30872.772903323425,32.518077094422544,0.3176526264248025,-459.7546872647421,0.11224046878000354,1.3278449618177355
Bouchra,Crypto,BTC,Options ,,,6211383.827715203,,,,-40378.05598673928,0.0,0.0,120394.37619516312,-297446.0426843579,1285518.871371868,,-257067.98669761885,-1821.8081969098494,11574.137185472897,
Bouchra,Crypto,BTC,Options ,BTCUSD-2024AUG02-C-69000=GALAXY_HK,150.0,4914653.2873527175,2927.776174718034,-179.70660467971538,-5.783028175446357,-26953.315056129766,0.0,0.0,176219.1018535326,302865.7111375955,439166.42620770505,48.376807556728,329819.0261937253,6891.502683977801,-23811.608230024965,0.7214770161237858
Bouchra,Crypto,BTC,Options ,BTCUSD-2024AUG02-C-70000=GALAXY_HK,250.0,7415472.592106811,2544.590277256826,-159.3281694887737,-5.8924916792715765,-39826.111360277515,0.0,0.0,181078.5003261224,498878.2102106613,636147.5693142065,43.79599571595938,538704.3215709388,11356.091083812142,-39585.816276965,0.7278824039127335
Bouchra,Crypto,BTC,Options ,BTCUSD-2024AUG02-C-72000=GALAXY_HK,-150.0,-3594314.6705716643,1912.287697310021,-123.60390058400299,-6.071241745477111,18538.08315534424,0.0,0.0,-133395.65652875934,-280494.3515499506,-286843.1545965031,35.380210759532744,-299032.43470529484,-6428.726603437628,22854.298768758097,0.7423196159671149
Bouchra,Crypto,BTC,Options ,BTCUSD-2024AUG02-C-78000=GALAXY_HK,-75.0,-884074.5254515935,806.1019421542369,-56.13945280421285,-6.510874232258142,4209.486454730992,0.0,0.0,-3458.6181671527374,-92360.92698248758,-60457.64566156777,17.40456576810315,-96570.41343721857,-2220.5813957076844,8443.526025871392,0.7939744602842129
Bouchra,Crypto,BTC,Options ,BTCUSD-2024AUG30-C-66000=GALAXY_HK,200.0,8341804.702740997,7183.710861612461,-269.24614932796976,-3.61260837722175,-53847.54182693141,0.0,0.0,1068368.8603611547,184788.39623025776,1436742.172322492,61.58367495914686,238635.93805718917,17033.89188080968,-14593.92398895155,0.6586826624826385
Bouchra,Crypto,BTC,Options ,BTCUSD-2024AUG30-C-69000=GALAXY_HK,-200.0,-7247794.890592191,5777.23842967657,-227.84096713372492,-3.7941374639400554,45566.462766982266,0.0,0.0,-905574.4165950768,-199955.38368153165,-1155447.685935314,53.50710794825155,-245521.8464485139,-17720.374298165632,15350.969236740384,0.6660102972371862
Bouchra,Crypto,BTC,Options ,BTCUSD-2024DEC27-C-140000=GALAXY_HK,200.0,2026708.04410235,2320.0928476486097,-63.84845842809045,-2.678273087736675,-12769.025710497925,0.0,0.0,-166880.76449515793,44904.28588230745,464018.5695297219,14.962245446009536,57673.311592805374,21896.004685317977,-5474.0778585410735,0.7872134650853856
Bouchra,Crypto,BTC,Options ,BTCUSD-2024DEC27-C-150000=GALAXY_HK,-200.0,-1708221.2018247228,1915.6396836935828,-54.50849818043935,-2.7667207310564015,10901.102005174442,0.0,0.0,130671.46563037002,-39615.1721968826,-383127.93673871655,12.611004812535375,-50516.274202057044,-19484.12417595883,4948.647713674977,0.7997460479310958
Bouchra,Crypto,BTC,Options ,BTCUSD-2024DEC27-C-85000=GALAXY_HK,150.0,4540252.800121158,8706.264762629387,-192.65598929723637,-2.1649365655439308,-28897.615483737318,0.0,0.0,765865.4973052563,52455.124307947844,1305939.714394408,44.69144070357557,81352.73979168516,27896.30471413947,-6299.085347934406,0.7110121914279273
Bouchra,Crypto,BTC,Options ,BTCUSD-2024DEC27-C-95000=GALAXY_HK,-225.0,-5504005.242633954,6595.80673303056,-153.26558273846967,-2.2709133280490814,34483.65936761792,0.0,0.0,-929882.6116804138,-78864.04690392474,-1484056.514931876,36.118682484931284,-113347.70627154266,-39636.49895582979,9127.12785161974,0.7250786269829221
Bouchra,Crypto,BTC,Options ,BTCUSD-2024JUL25-C-70000=GALAXY_HK,-75.0,-1422361.48960335,593.4001776480727,-103.78951746469465,-14.886840438441528,7782.150580810136,0.0,0.0,-7007.076552647413,-321861.529671436,-44505.01332360545,28.001693725054785,-329643.68025224615,-1400.2734433266417,18172.719204651927,0.6334432238900783
Bouchra,Crypto,BTC,Options ,BTCUSD-2024JUL26-C-71000=GALAXY_HK,-150.0,-2538968.5901645566,625.9828966963196,-96.70888918106175,-13.381761225313038,14503.176406217332,0.0,0.0,-28650.59147538987,-489953.5717501922,-93897.43450444794,24.992036609184442,-504456.74815640954,-3140.2362858017336,30015.217507070534,0.6576911476374229
Bouchra,Crypto,BTC,Options ,BTCUSD-2024JUL26-P-60000=GALAXY_HK,150.0,-321109.370590196,57.904975606906646,5.325803448531815,10.129112403082061,799.561805671081,0.0,0.0,-123913.56237057269,107422.96144365567,8685.746341035996,-3.1608020581389784,106623.39963798459,702.2037732845741,-7100.738336215883,0.6958157464365777
Bouchra,Crypto,BTC,Options ,BTCUSD-2024SEP27-C-100000=GALAXY_HK,-150.0,-1672351.023555834,1695.39666521067,-50.23376097818982,-2.8776859193421864,7534.330705764383,0.0,0.0,6539.766777435405,-68866.26665240416,-254309.49978160052,16.461589231950917,-76400.59735816854,-11003.633668792572,6245.391753128268,0.7541995189146563
Bouchra,Crypto,BTC,Options ,BTCUSD-2024SEP27-C-75000=GALAXY_HK,150.0,4581483.222512063,5821.284905152981,-172.28077538184516,-2.8744287551792036,-25840.976531531895,0.0,0.0,354793.87554869207,109285.1537366583,873192.7357729472,45.09728748316839,135126.1302681902,17577.058180233435,-9010.264786153371,0.681167209424971
Bouchra,Crypto,BTC,Options ,BTCUSD-2024SEP27-C-85000=GALAXY_HK,-50.0,-1019705.5791818011,3452.325866177518,-102.94531033236854,-2.895568445314125,5146.932095169788,0.0,0.0,-340966.6267303246,-32950.77779938512,-172616.29330887593,30.112053293084827,-38097.70989455491,-5153.918497520961,2747.645065156147,0.7084114281104978
Bouchra,Crypto,BTC,Options ,BTCUSD-2024SEP27-C-90000=GALAXY_HK,100.0,1661669.4578506523,2693.9784322677606,-80.09671641054047,-2.8873304477242545,-8009.064350297209,0.0,0.0,-17001.54948246712,59390.11854924211,269397.84322677605,24.53466975753859,67399.18289953932,9311.18429908353,-5069.201484239471,0.7234310966307217
Bouchra,Crypto,BTC,Options ,BTCUSD-2024SEP27-C-95000=GALAXY_HK,-100.0,-1357753.6949016824,2125.1072695491803,-63.01139563701145,-2.87970650950275,6300.64898918118,0.0,0.0,93588.782470562,-52513.9769944893,-212510.72695491803,20.047331531012958,-58814.62598367048,-8297.682173026982,4613.310367827155,0.7387855871359286
Bouchra,Crypto,DOGE,,,6374114.824592309,884237.431277347,0.138723172646,-0.002675053511000003,-1.89185789928495,-17051.09824104284,0.0,0.0,-75774.56521781994,-17051.09824104284,884237.431277347,0.0,0.0,0.0,0.0,0.0
Bouchra,Crypto,DOGE,Core,,6374114.824592309,884237.431277347,0.138723172646,-0.002675053511000003,-1.89185789928495,-17051.09824104284,0.0,0.0,-75774.56521781994,-17051.09824104284,884237.431277347,0.0,0.0,0.0,0.0,0.0
Bouchra,Crypto,DOGE,Core,DOGE,6374114.824592309,884237.431277347,0.138723172646,-0.002675053511000003,-1.89185789928495,-17051.09824104284,0.0,0.0,-75774.56521781994,-17051.09824104284,884237.431277347,0.0,0.0,0.0,0.0,0.0
Bouchra,Crypto,ETH,,,,5520123.818879612,,,,-57618.67453411034,0.0,0.0,344981.6266470308,-57109.54252044513,6152165.840461004,,509.1320136652066,-4026.91717857305,96.53021292513358,
Bouchra,Crypto,ETH,Core,,674.8200812,2329824.3847414525,3452.51193562355,-35.93101557217915,-1.0300015243151137,-24246.970846017386,0.0,0.0,378092.0212192855,-24246.970846017386,2329824.3847414525,0.0,0.0,0.0,0.0,0.0
Bouchra,Crypto,ETH,Core,ETH,674.8200812,2329824.3847414525,3452.51193562355,-35.93101557217915,-1.0300015243151137,-24246.970846017386,0.0,0.0,378092.0212192855,-24246.970846017386,2329824.3847414525,0.0,0.0,0.0,0.0,0.0
Bouchra,Crypto,ETH,Options ,,,-800625.9508144278,,,,8162.693535718063,0.0,0.0,-23083.969425021263,8671.82554938327,-168583.92923303545,,509.1320136652066,-4026.91717857305,96.53021292513358,
Bouchra,Crypto,ETH,Options ,ETHUSD-2024JUL26-C-3900=GALAXY_HK,1000.0,262504.7642254028,9.385223566611586,-1.816295924297009,-16.21472806230579,-1815.717836589727,0.0,0.0,-127114.19834568113,58232.83471565056,9385.223566611587,7.603297805196217,60048.55255224029,479.84119823272397,-5902.360377139569,0.8464030761371015
Bouchra,Crypto,ETH,Options ,ETHUSD-2024JUL26-C-4200=GALAXY_HK,-1500.0,-112565.85179574328,2.550295056180005,-0.18922218418020975,-6.9071360965528825,283.4731111884321,0.0,0.0,113174.19725064811,-28178.282063306415,-3825.4425842700075,2.1736029475480634,-28461.755174494847,-261.4248836079461,3696.213570751677,0.9728984068508411
Bouchra,Crypto,ETH,Options ,ETHUSD-2024SEP27-C-4100=GALAXY_HK,-750.0,-950564.8632440873,232.19161362050272,-12.9269285009741,-5.2737456697860585,9694.938261119358,0.0,0.0,-9143.968329988245,-21382.72710296088,-174143.71021537704,36.71007780107435,-31077.665364080236,-4245.333493197828,2302.677019313026,0.7207482517603153
Bouchra,Crypto,ETH,RelativeValue,,1155.94832382,3990925.3849525866,3452.51193562355,-35.93101557217915,-1.0300015243151137,-41534.397223811015,0.0,0.0,-10026.425147233414,-41534.397223811015,3990925.3849525866,0.0,0.0,0.0,0.0,0.0
Bouchra,Crypto,ETH,RelativeValue,ETH,1155.94832382,3990925.3849525866,3452.51193562355,-35.93101557217915,-1.0300015243151137,-41534.397223811015,0.0,0.0,-10026.425147233414,-41534.397223811015,3990925.3849525866,0.0,0.0,0.0,0.0,0.0
Bouchra,Crypto,ETHFI,,,-136706.93000000002,-341767.325,2.5,-0.06000000000000005,-2.343750000000002,8202.415800000046,0.0,0.0,-79687.83577435,8202.415800000046,-341767.325,0.0,0.0,0.0,0.0,0.0
Bouchra,Crypto,ETHFI,RelativeValue,,-136706.93000000002,-341767.325,2.5,-0.06000000000000005,-2.343750000000002,8202.415800000046,0.0,0.0,-79687.83577435,8202.415800000046,-341767.325,0.0,0.0,0.0,0.0,0.0
Bouchra,Crypto,ETHFI,RelativeValue,ETHFI,-136706.93000000002,-341767.325,2.5,-0.06000000000000005,-2.343750000000002,8202.415800000046,0.0,0.0,-79687.83577435,8202.415800000046,-341767.325,0.0,0.0,0.0,0.0,0.0
Bouchra,Crypto,SEI,,,-1524778.0,-613489.853966,0.402347,-0.010135999999999978,-2.457313392309496,15455.149807999958,0.0,0.0,-93595.05153172003,15455.149807999958,-613489.853966,0.0,0.0,0.0,0.0,0.0
Bouchra,Crypto,SEI,RelativeValue,,-1524778.0,-613489.853966,0.402347,-0.010135999999999978,-2.457313392309496,15455.149807999958,0.0,0.0,-93595.05153172003,15455.149807999958,-613489.853966,0.0,0.0,0.0,0.0,0.0
Bouchra,Crypto,SEI,RelativeValue,SEI,-1524778.0,-613489.853966,0.402347,-0.010135999999999978,-2.457313392309496,15455.149807999958,0.0,0.0,-93595.05153172003,15455.149807999958,-613489.853966,0.0,0.0,0.0,0.0,0.0
Bouchra,Crypto,SOL,,,22357.409965600003,4022089.256159219,179.899606544218,-2.6994454633559997,-1.4783458258282907,-60352.60890402872,0.0,0.0,659599.1757883517,-60352.60890402872,4022089.256159219,0.0,0.0,0.0,0.0,0.0
Bouchra,Crypto,SOL,Core,,22357.409965600003,4022089.256159219,179.899606544218,-2.6994454633559997,-1.4783458258282907,-60352.60890402872,0.0,0.0,659599.1757883517,-60352.60890402872,4022089.256159219,0.0,0.0,0.0,0.0,0.0
Bouchra,Crypto,SOL,Core,SOL,22357.409965600003,4022089.256159219,179.899606544218,-2.6994454633559997,-1.4783458258282907,-60352.60890402872,0.0,0.0,659599.1757883517,-60352.60890402872,4022089.256159219,0.0,0.0,0.0,0.0,0.0
Bouchra,Crypto,STRK,,,-779951.8,-456870.0260306001,0.585767,-0.009861000000000009,-1.655563539658983,7691.104699799966,0.0,0.0,63070.67751471192,7691.104699799966,-456870.0260306001,0.0,0.0,0.0,0.0,0.0
Bouchra,Crypto,STRK,RelativeValue,,-779951.8,-456870.0260306001,0.585767,-0.009861000000000009,-1.655563539658983,7691.104699799966,0.0,0.0,63070.67751471192,7691.104699799966,-456870.0260306001,0.0,0.0,0.0,0.0,0.0
Bouchra,Crypto,STRK,RelativeValue,STRK,-779951.8,-456870.0260306001,0.585767,-0.009861000000000009,-1.655563539658983,7691.104699799966,0.0,0.0,63070.67751471192,7691.104699799966,-456870.0260306001,0.0,0.0,0.0,0.0,0.0
Bouchra,Crypto,STX,,,269995.74,502815.473432315,1.862308914327,-0.023139492724000066,-1.2272673512287817,-6247.564461241054,0.0,0.0,-318777.45180894504,-6247.564461241054,502815.473432315,0.0,0.0,0.0,0.0,0.0
Bouchra,Crypto,STX,Core,,269995.74,502815.473432315,1.862308914327,-0.023139492724000066,-1.2272673512287817,-6247.564461241054,0.0,0.0,-318777.45180894504,-6247.564461241054,502815.473432315,0.0,0.0,0.0,0.0,0.0
Bouchra,Crypto,STX,Core,STX,269995.74,502815.473432315,1.862308914327,-0.023139492724000066,-1.2272673512287817,-6247.564461241054,0.0,0.0,-318777.45180894504,-6247.564461241054,502815.473432315,0.0,0.0,0.0,0.0,0.0
Bouchra,Crypto,TON,,,48638.1323,339007.78213099996,6.97,-0.04999999999999982,-0.7122507122507098,-2431.9066149999853,0.0,0.0,-10992.217899800045,-2431.9066149999853,339007.78213099996,0.0,0.0,0.0,0.0,0.0
Bouchra,Crypto,TON,Core,,48638.1323,339007.78213099996,6.97,-0.04999999999999982,-0.7122507122507098,-2431.9066149999853,0.0,0.0,-10992.217899800045,-2431.9066149999853,339007.78213099996,0.0,0.0,0.0,0.0,0.0
Bouchra,Crypto,TON,Core,TON,48638.1323,339007.78213099996,6.97,-0.04999999999999982,-0.7122507122507098,-2431.9066149999853,0.0,0.0,-10992.217899800045,-2431.9066149999853,339007.78213099996,0.0,0.0,0.0,0.0,0.0
Bouchra,Crypto,WLD,,,-176133.0,-408628.55999999994,2.32,-0.050000000000000266,-2.109704641350222,8806.650000000052,0.0,0.0,41299.465335000015,8806.650000000052,-408628.55999999994,0.0,0.0,0.0,0.0,0.0
Bouchra,Crypto,WLD,RelativeValue,,-176133.0,-408628.55999999994,2.32,-0.050000000000000266,-2.109704641350222,8806.650000000052,0.0,0.0,41299.465335000015,8806.650000000052,-408628.55999999994,0.0,0.0,0.0,0.0,0.0
Bouchra,Crypto,WLD,RelativeValue,WLD,-176133.0,-408628.55999999994,2.32,-0.050000000000000266,-2.109704641350222,8806.650000000052,0.0,0.0,41299.465335000015,8806.650000000052,-408628.55999999994,0.0,0.0,0.0,0.0,0.0
Bouchra,Equities,,,,0.0,996303.0794500104,1.5570859295504633,-154.59049103988883,-99.00584983315501,530.222673396649,0.0,0.0,-35965.60897581896,530.222673396649,81116.30168743037,18.854823059906167,0.0017829071552455389,2287.27649140541,-0.21119366380067173,0.4826246235152487
Bouchra,Equities,NVDA,,,0.0,996303.0794500104,1.5570859295504633,-154.59049103988883,-99.00584983315501,530.222673396649,0.0,0.0,-35965.60897581896,530.222673396649,81116.30168743037,18.854823059906167,0.0017829071552455389,2287.27649140541,-0.21119366380067173,0.4826246235152487
Bouchra,Equities,NVDA,E_CRYPTO_OPTIONS ,,0.0,996303.0794500104,1.5570859295504633,-154.59049103988883,-99.00584983315501,530.222673396649,0.0,0.0,-35965.60897581896,530.222673396649,81116.30168743037,18.854823059906167,0.0017829071552455389,2287.27649140541,-0.21119366380067173,0.4826246235152487
Bouchra,Equities,NVDA,E_CRYPTO_OPTIONS ,NVDA/16Aug2024/C135.0,530.0,1732693.7053600333,2.322334058677165,-229.81974135489833,-98.9996065751804,-0.015245633760059718,0.0,0.0,-156494.71527643874,-0.015245633760059718,123083.70510988974,26.462954559978026,0.0002353672812205332,5495.742627952361,-0.3225420754296726,0.4842569262291156
Bouchra,Equities,NVDA,E_CRYPTO_OPTIONS ,NVDA/16Aug2024/C145.0,-530.0,-736390.6259100229,0.7918378004237616,-79.36124072487932,-99.01209309112963,530.2379190304091,0.0,0.0,120529.10630061978,530.2379190304091,-41967.40342245936,11.246691559834304,0.0015475398740250057,-3208.4661365469506,0.11134841162900089,0.48099232080138177
CryptoHedges,,,,,,28910722.464122802,,,,-1033359.9558710051,0.0,0.0,-59708617.34986986,-1033359.9558710051,8245401.326333761,,0.010242473535981844,-25646.594797489273,-3.8033744529999147,
CryptoHedges,Crypto,,,,-8500000.0,-9212000.164614145,1.083764725248723,7.112759880123498e-05,0.006563441821145848,2885.4074209551327,0.0,0.0,-116334.51964735007,2885.4074209551327,-9212000.164614145,0.0,0.0,0.0,0.0,0.0
CryptoHedges,Crypto,BTC,,,-8500000.0,-9212000.164614145,1.083764725248723,7.112759880123498e-05,0.006563441821145848,2885.4074209551327,0.0,0.0,-116334.51964735007,2885.4074209551327,-9212000.164614145,0.0,0.0,0.0,0.0,0.0
CryptoHedges,Crypto,BTC,E_CRYPTO_EQUITY ,,-8500000.0,-9212000.164614145,1.083764725248723,7.112759880123498e-05,0.006563441821145848,2885.4074209551327,0.0,0.0,-116334.51964735007,2885.4074209551327,-9212000.164614145,0.0,0.0,0.0,0.0,0.0
CryptoHedges,Crypto,BTC,E_CRYPTO_EQUITY ,USD/EUR/18Sep2024,-8500000.0,-9212000.164614145,1.083764725248723,7.112759880123498e-05,0.006563441821145848,2885.4074209551327,0.0,0.0,-116334.51964735007,2885.4074209551327,-9212000.164614145,0.0,0.0,0.0,0.0,0.0
CryptoHedges,Equities,,,,,38122722.62873694,,,,-1036245.3632919602,0.0,0.0,-59592282.8302225,-1036245.3632919602,17457401.490947902,,0.010242473535981844,-25646.594797489273,-3.8033744529999147,
CryptoHedges,Equities,BTC,,,2590.0991114999974,175420685.45932785,67727.40266210769,-400.14614211258595,-0.5873485089893594,-1036418.1671559843,0.0,0.0,84120299.98550893,-1036418.1671559843,175420685.45932785,0.0,0.0,0.0,0.0,0.0
CryptoHedges,Equities,BTC,MSTRspread,,2590.0991114999974,175420685.45932785,67727.40266210769,-400.14614211258595,-0.5873485089893594,-1036418.1671559843,0.0,0.0,84120299.98550893,-1036418.1671559843,175420685.45932785,0.0,0.0,0.0,0.0,0.0
CryptoHedges,Equities,BTC,MSTRspread,BTC,2590.0991114999974,175420685.45932785,67727.40266210769,-400.14614211258595,-0.5873485089893594,-1036418.1671559843,0.0,0.0,84120299.98550893,-1036418.1671559843,175420685.45932785,0.0,0.0,0.0,0.0,0.0
CryptoHedges,Equities,MSTR,,,,-137297962.8305909,,,,172.80386402407294,0.0,0.0,-143712582.81573144,172.80386402407294,-157963283.96837994,,0.010242473535981844,-25646.594797489273,-3.8033744529999147,
CryptoHedges,Equities,MSTR,E_MSTR_EQUITY ,,-89000.0,-160144984.47817886,1799.3818480694272,-0.0012150336453942145,-6.752501289519e-05,108.13799446991743,0.0,0.0,-145799354.05761936,108.13799446991743,-160144984.47817886,0.0,0.0,0.0,0.0,0.0
CryptoHedges,Equities,MSTR,E_MSTR_EQUITY ,MSTR,-89000.0,-160144984.47817886,1799.3818480694272,-0.0012150336453942145,-6.752501289519e-05,108.13799446991743,0.0,0.0,-145799354.05761936,108.13799446991743,-160144984.47817886,0.0,0.0,0.0,0.0,0.0
CryptoHedges,Equities,MSTR,E_MSTR_OPTIONS ,,-465.0,22847021.64758799,88.27372486527855,-8735.717778629525,-98.99965156042354,64.6658695541555,0.0,0.0,2086771.2418879145,64.6658695541555,2181700.509798904,23.695019736793526,0.010242473535981844,-25646.594797489273,-3.8033744529999147,1.1125527128366213
CryptoHedges,Equities,MSTR,E_MSTR_OPTIONS ,MSTR/02Aug2024/C1700.0,600.0,71635920.21409206,181.04999999999978,-17916.839822932554,-98.99960712673483,-7.332361485809088,0.0,0.0,3158974.561398046,-7.332361485809088,10862999.999999987,66.32623944181685,0.027284841053187847,65235.008787198014,-28.480250577217703,1.065941328768777
CryptoHedges,Equities,MSTR,E_MSTR_OPTIONS ,MSTR/02Aug2024/C1800.0,-600.0,-58303448.77102397,131.96999999999971,-13059.84728766867,-98.99960712673483,5.344665830954909,0.0,0.0,-2570890.0280353706,5.344665830954909,-7918199.999999982,53.9819756892007,-0.013642420526593924,-70936.15435567813,20.759672292916775,1.1003219454094173
CryptoHedges,Equities,MSTR,E_MSTR_OPTIONS ,MSTR/02Aug2024/P1555.0,-165.0,5220517.61541755,32.529443972765954,-3219.4092669785546,-98.99969074253401,45.21038893132936,0.0,0.0,673557.3230769634,45.21038893132936,-536735.8255506383,-17.576621557533404,0.0007034373084024992,-12706.253668667245,2.744230222991888,1.0589743633538191
CryptoHedges,Equities,MSTR,E_MSTR_OPTIONS ,MSTR/26Jul2024/P1550.0,-300.0,4294032.589102342,7.545455488348752,-746.7747369383243,-98.99970124569053,21.443176277680323,0.0,0.0,825129.3854482757,21.443176277680323,-226363.66465046257,-7.951514626310058,-0.004103384299014579,-7239.195560341916,1.1729736083091247,1.2249732138144716
Eduardo,,,,,,502269.6688995907,,,,-4529.72125238349,0.0,0.0,318634.5710698005,-4529.72125238349,502269.6688995907,,0.0,0.0,0.0,
Eduardo,Crypto,,,,,502269.6688995907,,,,-4529.72125238349,0.0,0.0,318634.5710698005,-4529.72125238349,502269.6688995907,,0.0,0.0,0.0,
Eduardo,Crypto,BTC,,,2.2890980000000027,155034.66197902645,67727.40266210769,-400.14614211258595,-0.5873485089893594,-915.9737336179242,0.0,0.0,289815.55352836463,-915.9737336179242,155034.66197902645,0.0,0.0,0.0,0.0,0.0
Eduardo,Crypto,BTC,Core,,2.2890980000000027,155034.66197902645,67727.40266210769,-400.14614211258595,-0.5873485089893594,-915.9737336179242,0.0,0.0,289815.55352836463,-915.9737336179242,155034.66197902645,0.0,0.0,0.0,0.0,0.0
Eduardo,Crypto,BTC,Core,BTC,2.2890980000000027,155034.66197902645,67727.40266210769,-400.14614211258595,-0.5873485089893594,-915.9737336179242,0.0,0.0,289815.55352836463,-915.9737336179242,155034.66197902645,0.0,0.0,0.0,0.0,0.0
Eduardo,Crypto,ETH,,,100.5746,347235.0069205642,3452.51193562355,-35.93101557217915,-1.0300015243151137,-3613.7475187655655,0.0,0.0,28819.017541435926,-3613.7475187655655,347235.0069205642,0.0,0.0,0.0,0.0,0.0
Eduardo,Crypto,ETH,Core,,100.5746,347235.0069205642,3452.51193562355,-35.93101557217915,-1.0300015243151137,-3613.7475187655655,0.0,0.0,28819.017541435926,-3613.7475187655655,347235.0069205642,0.0,0.0,0.0,0.0,0.0
Eduardo,Crypto,ETH,Core,ETH,100.5746,347235.0069205642,3452.51193562355,-35.93101557217915,-1.0300015243151137,-3613.7475187655655,0.0,0.0,28819.017541435926,-3613.7475187655655,347235.0069205642,0.0,0.0,0.0,0.0,0.0
Felman,,,,,,3917287.8417322403,,,,52854.317794740185,0.0,0.0,1423194.0452576126,52854.317794740185,4187850.0430039493,,0.6610112457394735,-956.7149561578448,0.23356398127630795,
Felman,Crypto,,,,,3917287.8417322403,,,,52854.317794740185,0.0,0.0,1423194.0452576126,52854.317794740185,4187850.0430039493,,0.6610112457394735,-956.7149561578448,0.23356398127630795,
Felman,Crypto,ALT,,,-3357132.0,-495606.68289600004,0.147628,-0.002918999999999977,-1.9389293708941244,9799.468307999967,0.0,0.0,179862.13215074,9799.468307999967,-495606.68289600004,0.0,0.0,0.0,0.0,0.0
Felman,Crypto,ALT,Core,,-3357132.0,-495606.68289600004,0.147628,-0.002918999999999977,-1.9389293708941244,9799.468307999967,0.0,0.0,179862.13215074,9799.468307999967,-495606.68289600004,0.0,0.0,0.0,0.0,0.0
Felman,Crypto,ALT,Core,ALT,-3357132.0,-495606.68289600004,0.147628,-0.002918999999999977,-1.9389293708941244,9799.468307999967,0.0,0.0,179862.13215074,9799.468307999967,-495606.68289600004,0.0,0.0,0.0,0.0,0.0
Felman,Crypto,ARKM,,,-483787.0,-735356.24,1.52,-0.030000000000000027,-1.9354838709677438,14513.610000000011,0.0,0.0,-3567.2863557400415,14513.610000000011,-735356.24,0.0,0.0,0.0,0.0,0.0
Felman,Crypto,ARKM,Core,,-483787.0,-735356.24,1.52,-0.030000000000000027,-1.9354838709677438,14513.610000000011,0.0,0.0,-3567.2863557400415,14513.610000000011,-735356.24,0.0,0.0,0.0,0.0,0.0
Felman,Crypto,ARKM,Core,ARKM,-483787.0,-735356.24,1.52,-0.030000000000000027,-1.9354838709677438,14513.610000000011,0.0,0.0,-3567.2863557400415,14513.610000000011,-735356.24,0.0,0.0,0.0,0.0,0.0
Felman,Crypto,ASTR,,,19730087.230039,1524070.3181715924,0.077246,-0.00044399999999999995,-0.5715021238254602,-8760.158730137278,0.0,0.0,23620.40004139248,-8760.158730137278,1524070.3181715924,0.0,0.0,0.0,0.0,0.0
Felman,Crypto,ASTR,Core,,19730087.230039,1524070.3181715924,0.077246,-0.00044399999999999995,-0.5715021238254602,-8760.158730137278,0.0,0.0,23620.40004139248,-8760.158730137278,1524070.3181715924,0.0,0.0,0.0,0.0,0.0
Felman,Crypto,ASTR,Core,ASTR,19730087.230039,1524070.3181715924,0.077246,-0.00044399999999999995,-0.5715021238254602,-8760.158730137278,0.0,0.0,23620.40004139248,-8760.158730137278,1524070.3181715924,0.0,0.0,0.0,0.0,0.0
Felman,Crypto,BTC,,,,3086147.5520232474,,,,1.3792560771444187,0.0,0.0,725216.4198653313,1.3792560771444187,3356709.753294957,,0.6610112457394735,-956.7149561578448,0.23356398127630795,
Felman,Crypto,BTC,E_CRYPTO_EQUITY ,,,3086147.5520232474,,,,1.3792560771444187,0.0,0.0,725216.4198653313,1.3792560771444187,3356709.753294957,,0.6610112457394735,-956.7149561578448,0.23356398127630795,
Felman,Crypto,BTC,E_CRYPTO_EQUITY ,FIP,200000.0,1977221.8586189174,9.886109293094588,-6.675601083472316e-06,-6.752501290305078e-05,-1.3351202167332303,0.0,0.0,99231.88201891756,-1.3351202167332303,1977221.8586189174,0.0,0.0,0.0,0.0,0.0
Felman,Crypto,BTC,E_CRYPTO_EQUITY ,WULF,252500.0,1443731.8151685046,5.7177497630435825,-3.860913873054983e-06,-6.752501291552172e-05,-0.9748807529740589,0.0,0.0,618203.1851685046,-0.9748807529740589,1443731.8151685046,0.0,0.0,0.0,0.0,0.0
Felman,Crypto,BTC,E_CRYPTO_EQUITY ,WULF/16Aug2024/C7.0,-1800.0,-334806.12176417455,0.356910669402583,-35.322165207896205,-98.99966391890305,3.689257046851708,0.0,0.0,7781.352677909039,3.689257046851708,-64243.92049246493,32.51807709442255,0.6610112457394735,-956.7149561578448,0.23356398127630795,1.3278449618177355
Felman,Crypto,ETHFI,,,-219398.90000000002,-548497.25,2.5,-0.06000000000000005,-2.343750000000002,13163.934000000008,0.0,0.0,-48705.081370547996,13163.934000000008,-548497.25,0.0,0.0,0.0,0.0,0.0
Felman,Crypto,ETHFI,Core,,-219398.90000000002,-548497.25,2.5,-0.06000000000000005,-2.343750000000002,13163.934000000008,0.0,0.0,-48705.081370547996,13163.934000000008,-548497.25,0.0,0.0,0.0,0.0,0.0
Felman,Crypto,ETHFI,Core,ETHFI,-219398.90000000002,-548497.25,2.5,-0.06000000000000005,-2.343750000000002,13163.934000000008,0.0,0.0,-48705.081370547996,13163.934000000008,-548497.25,0.0,0.0,0.0,0.0,0.0
Felman,Crypto,ILV,,,6578.286,473702.37486000004,72.01,-0.6199999999999903,-0.853641745835041,-4078.537319999945,0.0,0.0,-26247.361139999935,-4078.537319999945,473702.37486000004,0.0,0.0,0.0,0.0,0.0
Felman,Crypto,ILV,Core,,6578.286,473702.37486000004,72.01,-0.6199999999999903,-0.853641745835041,-4078.537319999945,0.0,0.0,-26247.361139999935,-4078.537319999945,473702.37486000004,0.0,0.0,0.0,0.0,0.0
Felman,Crypto,ILV,Core,ILV,6578.286,473702.37486000004,72.01,-0.6199999999999903,-0.853641745835041,-4078.537319999945,0.0,0.0,-26247.361139999935,-4078.537319999945,473702.37486000004,0.0,0.0,0.0,0.0,0.0
Felman,Crypto,JTO,,,420627.944,1118870.33104,2.66,-0.040000000000000036,-1.4814814814814827,-16825.117759999936,0.0,0.0,118559.7906732441,-16825.117759999936,1118870.33104,0.0,0.0,0.0,0.0,0.0
Felman,Crypto,JTO,Core,,420627.944,1118870.33104,2.66,-0.040000000000000036,-1.4814814814814827,-16825.117759999936,0.0,0.0,118559.7906732441,-16825.117759999936,1118870.33104,0.0,0.0,0.0,0.0,0.0
Felman,Crypto,JTO,Core,JTO,420627.944,1118870.33104,2.66,-0.040000000000000036,-1.4814814814814827,-16825.117759999936,0.0,0.0,118559.7906732441,-16825.117759999936,1118870.33104,0.0,0.0,0.0,0.0,0.0
Felman,Crypto,STRK,,,-1172304.7999999996,-686697.4657816001,0.585767,-0.009861000000000009,-1.655563539658983,11560.097632799923,0.0,0.0,206865.32239701392,11560.097632799923,-686697.4657816001,0.0,0.0,0.0,0.0,0.0
Felman,Crypto,STRK,Core,,-1172304.7999999996,-686697.4657816001,0.585767,-0.009861000000000009,-1.655563539658983,11560.097632799923,0.0,0.0,206865.32239701392,11560.097632799923,-686697.4657816001,0.0,0.0,0.0,0.0,0.0
Felman,Crypto,STRK,Core,STRK,-1172304.7999999996,-686697.4657816001,0.585767,-0.009861000000000009,-1.655563539658983,11560.097632799923,0.0,0.0,206865.32239701392,11560.097632799923,-686697.4657816001,0.0,0.0,0.0,0.0,0.0
Felman,Crypto,TON,,,378044.0286000001,2634966.8793420005,6.97,-0.04999999999999982,-0.7122507122507098,-18902.2014299999,0.0,0.0,-53355.92334175113,-18902.2014299999,2634966.8793420005,0.0,0.0,0.0,0.0,0.0
Felman,Crypto,TON,Core,,378044.0286000001,2634966.8793420005,6.97,-0.04999999999999982,-0.7122507122507098,-18902.2014299999,0.0,0.0,-53355.92334175113,-18902.2014299999,2634966.8793420005,0.0,0.0,0.0,0.0,0.0
Felman,Crypto,TON,Core,TON,378044.0286000001,2634966.8793420005,6.97,-0.04999999999999982,-0.7122507122507098,-18902.2014299999,0.0,0.0,-53355.92334175113,-18902.2014299999,2634966.8793420005,0.0,0.0,0.0,0.0,0.0
Felman,Crypto,WLD,,,-875218.0,-2030505.7600000002,2.32,-0.050000000000000266,-2.109704641350222,43760.90000000021,0.0,0.0,244305.25510086006,43760.90000000021,-2030505.7600000002,0.0,0.0,0.0,0.0,0.0
Felman,Crypto,WLD,Core,,-875218.0,-2030505.7600000002,2.32,-0.050000000000000266,-2.109704641350222,43760.90000000021,0.0,0.0,244305.25510086006,43760.90000000021,-2030505.7600000002,0.0,0.0,0.0,0.0,0.0
Felman,Crypto,WLD,Core,WLD,-875218.0,-2030505.7600000002,2.32,-0.050000000000000266,-2.109704641350222,43760.90000000021,0.0,0.0,244305.25510086006,43760.90000000021,-2030505.7600000002,0.0,0.0,0.0,0.0,0.0
Felman,Crypto,XAI,,,-1184521.0,-423806.215027,0.357787,-0.007277999999999951,-1.9936175749523926,8620.943837999977,0.0,0.0,56640.37723706999,8620.943837999977,-423806.215027,0.0,0.0,0.0,0.0,0.0
Felman,Crypto,XAI,Core,,-1184521.0,-423806.215027,0.357787,-0.007277999999999951,-1.9936175749523926,8620.943837999977,0.0,0.0,56640.37723706999,8620.943837999977,-423806.215027,0.0,0.0,0.0,0.0,0.0
Felman,Crypto,XAI,Core,XAI,-1184521.0,-423806.215027,0.357787,-0.007277999999999951,-1.9936175749523926,8620.943837999977,0.0,0.0,56640.37723706999,8620.943837999977,-423806.215027,0.0,0.0,0.0,0.0,0.0
Lending,,,,,,294760335.2175541,,,,-199.037088816287,0.0,0.0,40229634.39305405,-199.037088816287,294760335.2175541,,0.0,0.0,0.0,
Lending,Crypto,,,,,294760335.2175541,,,,-199.037088816287,0.0,0.0,40229634.39305405,-199.037088816287,294760335.2175541,,0.0,0.0,0.0,
Lending,Crypto,BTC,,,,294760335.2175541,,,,-199.037088816287,0.0,0.0,40229634.39305405,-199.037088816287,294760335.2175541,,0.0,0.0,0.0,
Lending,Crypto,BTC,E_CRYPTO_EQUITY ,,,294760335.2175541,,,,-199.037088816287,0.0,0.0,40229634.39305405,-199.037088816287,294760335.2175541,,0.0,0.0,0.0,
Lending,Crypto,BTC,E_CRYPTO_EQUITY ,ARKB,1275000.0,87060986.89680448,68.28312697788587,-4.6108221440022135e-05,-6.752501290746721e-05,-58.7879823371768,0.0,0.0,15597530.396804485,-58.7879823371768,87060986.89680448,0.0,0.0,0.0,0.0,0.0
Lending,Crypto,BTC,E_CRYPTO_EQUITY ,IBIT,5337300.0,207699348.32074958,38.91468501316201,-2.62771638190884e-05,-6.752501290076611e-05,-140.2491064791102,0.0,0.0,24632103.996249564,-140.2491064791102,207699348.32074958,0.0,0.0,0.0,0.0,0.0
Novo,,,,,,1010577897.9701377,,,,-5561935.117115214,0.0,0.0,364678345.73663247,-2020207.0153830028,974265510.3978884,,3541728.101732211,54289.79791283443,-246168.59851880552,
Novo,Crypto,,,,,1010577897.9701377,,,,-5561935.117115214,0.0,0.0,364678345.73663247,-2020207.0153830028,974265510.3978884,,3541728.101732211,54289.79791283443,-246168.59851880552,
Novo,Crypto,BGCI,,,11392.0,31432318.920703348,2759.1572086291562,33.587208629156066,1.2323003492537732,382625.48070334643,0.0,0.0,18577287.65030335,382625.48070334643,31432318.920703348,0.0,0.0,0.0,0.0,0.0
Novo,Crypto,BGCI,AssetMgmt,,11392.0,31432318.920703348,2759.1572086291562,33.587208629156066,1.2323003492537732,382625.48070334643,0.0,0.0,18577287.65030335,382625.48070334643,31432318.920703348,0.0,0.0,0.0,0.0,0.0
Novo,Crypto,BGCI,AssetMgmt,BGCI,11392.0,31432318.920703348,2759.1572086291562,33.587208629156066,1.2323003492537732,382625.48070334643,0.0,0.0,18577287.65030335,382625.48070334643,31432318.920703348,0.0,0.0,0.0,0.0,0.0
Novo,Crypto,BTC,,,,665944227.2828332,,,,-2660656.462601864,0.0,0.0,146946804.83205348,881071.6391303479,629631839.7105839,,3541728.101732211,54289.79791283443,-246168.59851880552,
Novo,Crypto,BTC,Core,,,412907716.4661694,,,,-2439535.893864973,0.0,0.0,128269201.47820437,-2439535.893864973,412907716.4661694,,0.0,0.0,0.0,
Novo,Crypto,BTC,Core,BTC,4681.737305157601,317081907.6246198,67727.40266210769,-400.14614211258595,-0.5873485089893594,-1873379.1210434274,0.0,0.0,92585130.38633586,-1873379.1210434274,317081907.6246198,0.0,0.0,0.0,0.0,0.0
Novo,Crypto,BTC,Core,BTC_MT_GOX,11319.0,95825808.84154962,8465.925332763461,-50.018267764073244,-0.5873485089893594,-566156.7728215456,0.0,0.0,35684071.091868505,-566156.7728215456,95825808.84154962,0.0,0.0,0.0,0.0,0.0
Novo,Crypto,BTC,ETF ,,,213136369.785227,,,,-143.92045838350896,0.0,0.0,18179733.582592916,-143.92045838350896,213136369.785227,,0.0,0.0,0.0,
Novo,Crypto,BTC,ETF ,ARKB,1575000.0,107545924.99017024,68.28312697788587,-4.6108221440022135e-05,-6.752501290746721e-05,-72.62044876301661,0.0,0.0,6919153.490170246,-72.62044876301661,107545924.99017024,0.0,0.0,0.0,0.0,0.0
Novo,Crypto,BTC,ETF ,BTCO,725000.0,49490772.76323927,68.26313484584726,-4.6094721739109445e-05,-6.752501290445318e-05,-33.41867325641215,0.0,0.0,7620423.76323927,-33.41867325641215,49490772.76323927,0.0,0.0,0.0,0.0,0.0
Novo,Crypto,BTC,ETF ,GBTC,452797.0,27410598.79956408,60.53617581292298,-4.0877088125057526e-05,-6.7525012893319e-05,-18.5090228774352,0.0,0.0,3032007.17855998,-18.5090228774352,27410598.79956408,0.0,0.0,0.0,0.0,0.0
Novo,Crypto,BTC,ETF ,IBIT,737230.0,28689073.232253417,38.91468501316201,-2.62771638190884e-05,-6.752501290076611e-05,-19.372313486644998,0.0,0.0,608149.1506234233,-19.372313486644998,28689073.232253417,0.0,0.0,0.0,0.0,0.0
Novo,Crypto,BTC,Options ,,,39900141.03143677,,,,-220976.6482785074,0.0,0.0,497869.77125618,3320751.4534537042,3587753.4591874722,,3541728.101732211,54289.79791283443,-246168.59851880555,
Novo,Crypto,BTC,Options ,BTCUSD-2024AUG02-C-70000=GALAXY_HK,1050.0,31144984.886848606,2544.590277256826,-159.3281694887737,-5.8924916792715765,-167269.66771316575,0.0,0.0,760529.701369714,2095288.4828847772,2671819.7911196672,43.79599571595938,2262558.150597943,47695.582552011,-166260.42836325298,0.7278824039127335
Novo,Crypto,BTC,Options ,BTCUSD-2024AUG30-C-66000=GALAXY_HK,500.0,20854511.756852493,7183.710861612461,-269.24614932796976,-3.61260837722175,-134618.85456732847,0.0,0.0,2741859.650902887,461970.9905756444,3591855.4308062303,61.583674959146855,596589.8451429729,42584.7297020242,-36484.80997237888,0.6586826624826385
Novo,Crypto,BTC,Options ,BTCUSD-2024AUG30-C-69000=GALAXY_HK,-500.0,-18119487.22648048,5777.23842967657,-227.84096713372492,-3.7941374639400554,113916.1569174556,0.0,0.0,-2338623.541487692,-499888.4592038292,-2888619.214838285,53.50710794825156,-613804.6161212848,-44300.935745414085,38377.42309185096,0.6660102972371862
Novo,Crypto,BTC,Options ,BTCUSD-2024JUL26-C-72000=GALAXY_HK,460.0,6020131.614216145,462.38576543447743,-71.76258975408746,-13.434954738137094,-33004.28291546879,0.0,0.0,-665896.0395287289,1263380.4391971114,212697.45209985963,19.323408436157855,1296384.7221125802,8310.421404213312,-81800.78327502465,0.6772917185140431
Novo,Crypto,DOGE,,,37478153.249699995,5199088.3237113785,0.138723172646,-0.002675053511000003,-1.89185789928495,-100256.06543640648,0.0,0.0,-800902.1476367118,-100256.06543640648,5199088.3237113785,0.0,0.0,0.0,0.0,0.0
Novo,Crypto,DOGE,Core,,37478153.249699995,5199088.3237113785,0.138723172646,-0.002675053511000003,-1.89185789928495,-100256.06543640648,0.0,0.0,-800902.1476367118,-100256.06543640648,5199088.3237113785,0.0,0.0,0.0,0.0,0.0
Novo,Crypto,DOGE,Core,DOGE,37478153.249699995,5199088.3237113785,0.138723172646,-0.002675053511000003,-1.89185789928495,-100256.06543640648,0.0,0.0,-800902.1476367118,-100256.06543640648,5199088.3237113785,0.0,0.0,0.0,0.0,0.0
Novo,Crypto,ETH,,,54054.995153660064,186625515.94808426,3452.51193562355,-35.93101557217915,-1.0300015243151137,-1942250.8726202445,0.0,0.0,116542305.89225465,-1942250.8726202445,186625515.94808426,0.0,0.0,0.0,0.0,0.0
Novo,Crypto,ETH,Core,,54054.995153660064,186625515.94808426,3452.51193562355,-35.93101557217915,-1.0300015243151137,-1942250.8726202445,0.0,0.0,116542305.89225465,-1942250.8726202445,186625515.94808426,0.0,0.0,0.0,0.0,0.0
Novo,Crypto,ETH,Core,ETH,54054.995153660064,186625515.94808426,3452.51193562355,-35.93101557217915,-1.0300015243151137,-1942250.8726202445,0.0,0.0,116542305.89225465,-1942250.8726202445,186625515.94808426,0.0,0.0,0.0,0.0,0.0
Novo,Crypto,FTX_SOL,,,1027652.27800943,101680832.26299119,98.9447835993199,-1.4846950048457899,-1.4783458258282807,-1525750.2038789978,0.0,0.0,39333170.08858892,-1525750.2038789978,101680832.26299119,0.0,0.0,0.0,0.0,0.0
Novo,Crypto,FTX_SOL,Locked,,1027652.27800943,101680832.26299119,98.9447835993199,-1.4846950048457899,-1.4783458258282807,-1525750.2038789978,0.0,0.0,39333170.08858892,-1525750.2038789978,101680832.26299119,0.0,0.0,0.0,0.0,0.0
Novo,Crypto,FTX_SOL,Locked,FTX_SOL,1027652.27800943,101680832.26299119,98.9447835993199,-1.4846950048457899,-1.4783458258282807,-1525750.2038789978,0.0,0.0,39333170.08858892,-1525750.2038789978,101680832.26299119,0.0,0.0,0.0,0.0,0.0
Novo,Crypto,GDAM1,,,17105.0,55804983.586216345,3262.495386507825,-17.337645369062557,-0.5286136580904264,-296560.42403781414,0.0,0.0,34329859.63571635,-296560.42403781414,55804983.586216345,0.0,0.0,0.0,0.0,0.0
Novo,Crypto,GDAM1,AssetMgmt,,17105.0,55804983.586216345,3262.495386507825,-17.337645369062557,-0.5286136580904264,-296560.42403781414,0.0,0.0,34329859.63571635,-296560.42403781414,55804983.586216345,0.0,0.0,0.0,0.0,0.0
Novo,Crypto,GDAM1,AssetMgmt,GDAM1,17105.0,55804983.586216345,3262.495386507825,-17.337645369062557,-0.5286136580904264,-296560.42403781414,0.0,0.0,34329859.63571635,-296560.42403781414,55804983.586216345,0.0,0.0,0.0,0.0,0.0
Novo,Crypto,MKR,,,1842.256,5011753.85858577,2720.443770347753,-28.99832412650221,-1.0546984853684374,-53422.33661199328,0.0,0.0,-19010.82601422976,-53422.33661199328,5011753.85858577,0.0,0.0,0.0,0.0,0.0
Novo,Crypto,MKR,Core,,1842.256,5011753.85858577,2720.443770347753,-28.99832412650221,-1.0546984853684374,-53422.33661199328,0.0,0.0,-19010.82601422976,-53422.33661199328,5011753.85858577,0.0,0.0,0.0,0.0,0.0
Novo,Crypto,MKR,Core,MKR,1842.256,5011753.85858577,2720.443770347753,-28.99832412650221,-1.0546984853684374,-53422.33661199328,0.0,0.0,-19010.82601422976,-53422.33661199328,5011753.85858577,0.0,0.0,0.0,0.0,0.0
Novo,Crypto,SKL,,,-30279769.08417,-1516179.5608574334,0.050072362066,-0.0007874631800000031,-1.5483009943333126,23844.20325268642,0.0,0.0,579010.1376103002,23844.20325268642,-1516179.5608574334,0.0,0.0,0.0,0.0,0.0
Novo,Crypto,SKL,SpecialSits,,-30279769.08417,-1516179.5608574334,0.050072362066,-0.0007874631800000031,-1.5483009943333126,23844.20325268642,0.0,0.0,579010.1376103002,23844.20325268642,-1516179.5608574334,0.0,0.0,0.0,0.0,0.0
Novo,Crypto,SKL,SpecialSits,SKL,-30279769.08417,-1516179.5608574334,0.050072362066,-0.0007874631800000031,-1.5483009943333126,23844.20325268642,0.0,0.0,579010.1376103002,23844.20325268642,-1516179.5608574334,0.0,0.0,0.0,0.0,0.0
Novo,Crypto,SOL,,,-226557.27796613018,-40757565.16583577,179.89960654421802,-2.6994454633559997,-1.4783458258282909,611579.016195954,0.0,0.0,8263982.01509194,611579.016195954,-40757565.16583577,0.0,0.0,0.0,0.0,0.0
Novo,Crypto,SOL,Core,,-273601.24561993417,-49220756.437034026,179.899606544218,-2.6994454633559997,-1.4783458258282907,738571.6412572816,0.0,0.0,6187479.792574112,738571.6412572816,-49220756.437034026,0.0,0.0,0.0,0.0,0.0
Novo,Crypto,SOL,Core,SOL,-273601.24561993417,-49220756.437034026,179.899606544218,-2.6994454633559997,-1.4783458258282907,738571.6412572816,0.0,0.0,6187479.792574112,738571.6412572816,-49220756.437034026,0.0,0.0,0.0,0.0,0.0
Novo,Crypto,SOL,Locked,,47043.96765380399,8463191.271198258,179.899606544218,-2.6994454633559997,-1.4783458258282907,-126992.62506132759,0.0,0.0,2076502.2225178278,-126992.62506132759,8463191.271198258,0.0,0.0,0.0,0.0,0.0
Novo,Crypto,SOL,Locked,SOL,47043.96765380399,8463191.271198258,179.899606544218,-2.6994454633559997,-1.4783458258282907,-126992.62506132759,0.0,0.0,2076502.2225178278,-126992.62506132759,8463191.271198258,0.0,0.0,0.0,0.0,0.0
Novo,Crypto,VEE,,,78629940.7,1152922.513705448,0.01466264,-1.3830000000001133e-05,-0.09423246870671989,-1087.4520798809826,0.0,0.0,925838.458664441,-1087.4520798809826,1152922.513705448,0.0,0.0,0.0,0.0,0.0
Novo,Crypto,VEE,SpecialSits,,78629940.7,1152922.513705448,0.01466264,-1.3830000000001133e-05,-0.09423246870671989,-1087.4520798809826,0.0,0.0,925838.458664441,-1087.4520798809826,1152922.513705448,0.0,0.0,0.0,0.0,0.0
Novo,Crypto,VEE,SpecialSits,VEE,78629940.7,1152922.513705448,0.01466264,-1.3830000000001133e-05,-0.09423246870671989,-1087.4520798809826,0.0,0.0,925838.458664441,-1087.4520798809826,1152922.513705448,0.0,0.0,0.0,0.0,0.0
Other,,,,,,-26596390.114514705,,,,299252.1715106299,0.0,0.0,186169.80033773504,299252.1715106299,-27838826.261910334,,-0.599196248174394,2620.15257134679,-0.690403913366211,
Other,Crypto,,,,,-28110259.947411913,,,,300251.0788084156,0.0,0.0,152107.89520893525,300251.0788084156,-28110259.947411913,,0.0,0.0,0.0,
Other,Crypto,BTC,,,74861.0,740084.027790354,9.886109293094588,-6.675601083472316e-06,-6.752501290305078e-05,-0.499742172731203,0.0,0.0,58296.98779051669,-0.499742172731203,740084.027790354,0.0,0.0,0.0,0.0,0.0
Other,Crypto,BTC,E_CRYPTO_EQUITY ,,74861.0,740084.027790354,9.886109293094588,-6.675601083472316e-06,-6.752501290305078e-05,-0.499742172731203,0.0,0.0,58296.98779051669,-0.499742172731203,740084.027790354,0.0,0.0,0.0,0.0,0.0
Other,Crypto,BTC,E_CRYPTO_EQUITY ,FIP,74861.0,740084.027790354,9.886109293094588,-6.675601083472316e-06,-6.752501290305078e-05,-0.499742172731203,0.0,0.0,58296.98779051669,-0.499742172731203,740084.027790354,0.0,0.0,0.0,0.0,0.0
Other,Crypto,ETH,,,-8356.33431923,-28850343.975202266,3452.51193562355,-35.93101557217915,-1.0300015243151137,300251.57855058834,0.0,0.0,93810.90741841856,300251.57855058834,-28850343.975202266,0.0,0.0,0.0,0.0,0.0
Other,Crypto,ETH,,,-8356.33431923,-28850343.975202266,3452.51193562355,-35.93101557217915,-1.0300015243151137,300251.57855058834,0.0,0.0,93810.90741841856,300251.57855058834,-28850343.975202266,0.0,0.0,0.0,0.0,0.0
Other,Crypto,ETH,,ETH,-8356.33431923,-28850343.975202266,3452.51193562355,-35.93101557217915,-1.0300015243151137,300251.57855058834,0.0,0.0,93810.90741841856,300251.57855058834,-28850343.975202266,0.0,0.0,0.0,0.0,0.0
Other,Equities,,,,,1513869.8328972075,,,,-998.9072977857322,0.0,0.0,34061.905128799786,-998.9072977857322,271433.68550157786,,-0.599196248174394,2620.15257134679,-0.690403913366211,
Other,Equities,FIP,,,700.0,313659.6158697737,1.019141583166637,-100.85374751735635,-98.99959489500587,0.8237611793629185,0.0,0.0,21311.846131545462,0.8237611793629185,71339.9108216646,45.30689236888253,-0.62941873935074,1761.2609384658474,-0.16654869169925313,0.5587490342495927
Other,Equities,FIP,E_CRYPTO_OPTIONS ,,700.0,313659.6158697737,1.019141583166637,-100.85374751735635,-98.99959489500587,0.8237611793629185,0.0,0.0,21311.846131545462,0.8237611793629185,71339.9108216646,45.30689236888253,-0.62941873935074,1761.2609384658474,-0.16654869169925313,0.5587490342495927
Other,Equities,FIP,E_CRYPTO_OPTIONS ,FIP/20Dec2024/C11.0,700.0,313659.6158697737,1.019141583166637,-100.85374751735635,-98.99959489500587,0.8237611793629185,0.0,0.0,21311.846131545462,0.8237611793629185,71339.9108216646,45.30689236888253,-0.62941873935074,1761.2609384658474,-0.16654869169925313,0.5587490342495927
Other,Equities,MARA,,,0.0,273142.2022024897,0.8850178933127453,-87.5820181320636,-98.99960717986473,-0.025528442100039683,0.0,0.0,-4919.852752001803,-0.025528442100039683,44097.494936215946,27.15231547239721,0.0036215475063272606,277.9246510829503,-0.11532751360968652,1.4904634851533114
Other,Equities,MARA,E_CRYPTO_OPTIONS ,,0.0,273142.2022024897,0.8850178933127453,-87.5820181320636,-98.99960717986473,-0.025528442100039683,0.0,0.0,-4919.852752001803,-0.025528442100039683,44097.494936215946,27.15231547239721,0.0036215475063272606,277.9246510829503,-0.11532751360968652,1.4904634851533114
Other,Equities,MARA,E_CRYPTO_OPTIONS ,MARA/02Aug2024/C27.0,700.0,591779.6699959841,1.200000000000002,-118.7528737228337,-98.99960712673483,-0.056698735264944844,0.0,0.0,-20886.04509275168,-0.056698735264944844,84000.00000000015,35.2985189380247,-0.00031086244689504383,1030.5963505999882,-0.22022839441344644,1.4396647125103812
Other,Equities,MARA,E_CRYPTO_OPTIONS ,MARA/02Aug2024/C31.0,-700.0,-318637.46779349435,0.5700357866254886,-56.4111625412935,-98.99960723299462,0.03117029316490516,0.0,0.0,15966.192340749876,0.03117029316490516,-39902.5050637842,19.00611200676972,0.0039324099532223045,-752.671699517038,0.10490088080375992,1.5412622577962416
Other,Equities,RIOT,,,,927068.0148249443,,,,-999.7055305229951,0.0,0.0,17669.911749256127,-999.7055305229951,155996.27974369738,,0.02660094367001875,580.966981797992,-0.40852770805727134,
Other,Equities,RIOT,E_CRYPTO_OPTIONS ,,,927068.0148249443,,,,-999.7055305229951,0.0,0.0,17669.911749256127,-999.7055305229951,155996.27974369738,,0.02660094367001875,580.966981797992,-0.40852770805727134,
Other,Equities,RIOT,E_CRYPTO_OPTIONS ,RIOT/02Aug2024/C12.0,1000.0,712251.343061833,1.129999999999998,-112.82523003669202,-99.0083825028161,-999.6835543226189,0.0,0.0,32089.54648236939,-999.6835543226189,112999.99999999978,58.190469204398106,0.0005329070518200751,790.843284810272,-0.29625962581314447,1.2467329347849567
Other,Equities,RIOT,E_CRYPTO_OPTIONS ,RIOT/02Aug2024/C13.0,2000.0,1052581.6878033418,0.7199999999999984,-71.2517242337002,-98.99960712673483,-0.09719783236505464,0.0,0.0,-13056.648730431974,-0.09719783236505464,143999.99999999968,42.997617965822776,0.0008881784197001252,1590.9060786900575,-0.37753439041066095,1.2619069798288378
Other,Equities,RIOT,E_CRYPTO_OPTIONS ,RIOT/02Aug2024/C14.0,-1000.0,-383331.9227928122,0.48999999999999866,-48.49075677015696,-98.99960712673483,0.03307426232640864,0.0,0.0,-15379.723695894638,0.03307426232640864,-48999.99999999986,31.317967548432375,-0.0003552713678800501,-717.6351836002403,0.12846656340664842,1.3416424584965487
Other,Equities,RIOT,E_CRYPTO_OPTIONS ,RIOT/02Aug2024/C15.5,-2000.0,-454433.09324741806,0.26001860128151116,-25.731633625796643,-98.9996072623247,0.04214736966241617,0.0,0.0,14016.737693213348,0.04214736966241617,-52003.72025630223,18.563443351610218,0.0255351295663786,-1083.1471981020968,0.13679974475988566,1.4027805388752541
Placeholder,,,,,,-3894895.3786786664,,,,-11593.200201055824,-2999857.3733109063,-8.480640111374669,809967.895114564,-3011442.0928718513,-3894895.3786786664,,0.0,0.0,0.0,
Placeholder,Placeholder,,,,,-3894895.3786786664,,,,-11593.200201055824,-2999857.3733109063,-8.480640111374669,809967.895114564,-3011442.0928718513,-3894895.3786786664,,0.0,0.0,0.0,
Placeholder,Placeholder,ALT,,,1860766.0,274701.163048,0.147628,-0.002918999999999977,-1.9389293708941244,-4331.249195220007,274701.163048,-4331.249195220007,-4331.249195220007,274701.163048,274701.163048,0.0,0.0,0.0,0.0,0.0
Placeholder,Placeholder,ALT,Placeholder ,,1860766.0,274701.163048,0.147628,-0.002918999999999977,-1.9389293708941244,-4331.249195220007,274701.163048,-4331.249195220007,-4331.249195220007,274701.163048,274701.163048,0.0,0.0,0.0,0.0,0.0
Placeholder,Placeholder,ALT,Placeholder ,ALT,1860766.0,274701.163048,0.147628,-0.002918999999999977,-1.9389293708941244,-4331.249195220007,274701.163048,-4331.249195220007,-4331.249195220007,274701.163048,274701.163048,0.0,0.0,0.0,0.0,0.0
Placeholder,Placeholder,ARKM,,,-90876.0,-138131.52,1.52,-0.030000000000000027,-1.9354838709677438,1845.246267600014,-138131.52,1845.246267600014,1845.246267600014,-138131.52,-138131.52,0.0,0.0,0.0,0.0,0.0
Placeholder,Placeholder,ARKM,Placeholder ,,-90876.0,-138131.52,1.52,-0.030000000000000027,-1.9354838709677438,1845.246267600014,-138131.52,1845.246267600014,1845.246267600014,-138131.52,-138131.52,0.0,0.0,0.0,0.0,0.0
Placeholder,Placeholder,ARKM,Placeholder ,ARKM,-90876.0,-138131.52,1.52,-0.030000000000000027,-1.9354838709677438,1845.246267600014,-138131.52,1845.246267600014,1845.246267600014,-138131.52,-138131.52,0.0,0.0,0.0,0.0,0.0
Placeholder,Placeholder,BTC,,,-22.21695891999999,-1504696.9227023448,67727.40266210769,-400.14614211258595,-0.5873485089893594,-8383.571102880931,-2998482.695344406,441.9941863636486,439052.83394024393,-3007308.260633651,-1504696.9227023448,0.0,0.0,0.0,0.0,0.0
Placeholder,Placeholder,BTC,Placeholder ,,-22.21695891999999,-1504696.9227023448,67727.40266210769,-400.14614211258595,-0.5873485089893594,-8383.571102880931,-2998482.695344406,441.9941863636486,439052.83394024393,-3007308.260633651,-1504696.9227023448,0.0,0.0,0.0,0.0,0.0
Placeholder,Placeholder,BTC,Placeholder ,BTC,-22.21695891999999,-1504696.9227023448,67727.40266210769,-400.14614211258595,-0.5873485089893594,-8383.571102880931,-2998482.695344406,441.9941863636486,439052.83394024393,-3007308.260633651,-1504696.9227023448,0.0,0.0,0.0,0.0,0.0
Placeholder,Placeholder,ETH,,,-902.9649999999999,-3117497.439950319,3452.51193562355,-35.93101557217915,-1.0300015243151137,32444.4494761327,0.0,0.0,-564262.8549469276,32444.4494761327,-3117497.439950319,0.0,0.0,0.0,0.0,0.0
Placeholder,Placeholder,ETH,Placeholder ,,-902.9649999999999,-3117497.439950319,3452.51193562355,-35.93101557217915,-1.0300015243151137,32444.4494761327,0.0,0.0,-564262.8549469276,32444.4494761327,-3117497.439950319,0.0,0.0,0.0,0.0,0.0
Placeholder,Placeholder,ETH,Placeholder ,ETH,-902.9649999999999,-3117497.439950319,3452.51193562355,-35.93101557217915,-1.0300015243151137,32444.4494761327,0.0,0.0,-564262.8549469276,32444.4494761327,-3117497.439950319,0.0,0.0,0.0,0.0,0.0
Placeholder,Placeholder,MATIC,,,402892.7001999999,216095.1187855054,0.536358982623,-0.0035606909060000858,-0.6594853050504437,-1434.5763736959607,0.0,0.0,-104744.59743359746,-1434.5763736959607,216095.1187855054,0.0,0.0,0.0,0.0,0.0
Placeholder,Placeholder,MATIC,Placeholder ,,402892.7001999999,216095.1187855054,0.536358982623,-0.0035606909060000858,-0.6594853050504437,-1434.5763736959607,0.0,0.0,-104744.59743359746,-1434.5763736959607,216095.1187855054,0.0,0.0,0.0,0.0,0.0
Placeholder,Placeholder,MATIC,Placeholder ,MATIC,402892.7001999999,216095.1187855054,0.536358982623,-0.0035606909060000858,-0.6594853050504437,-1434.5763736959607,0.0,0.0,-104744.59743359746,-1434.5763736959607,216095.1187855054,0.0,0.0,0.0,0.0,0.0
Placeholder,Placeholder,SOL,,,7192.34,1293899.1361322408,179.899606544218,-2.6994454633559997,-1.4783458258282907,-19415.329583913903,0.0,0.0,453859.6484811534,-19415.329583913903,1293899.1361322408,0.0,0.0,0.0,0.0,0.0
Placeholder,Placeholder,SOL,Placeholder ,,7192.34,1293899.1361322408,179.899606544218,-2.6994454633559997,-1.4783458258282907,-19415.329583913903,0.0,0.0,453859.6484811534,-19415.329583913903,1293899.1361322408,0.0,0.0,0.0,0.0,0.0
Placeholder,Placeholder,SOL,Placeholder ,SOL,7192.34,1293899.1361322408,179.899606544218,-2.6994454633559997,-1.4783458258282907,-19415.329583913903,0.0,0.0,453859.6484811534,-19415.329583913903,1293899.1361322408,0.0,0.0,0.0,0.0,0.0
Placeholder,Placeholder,STRK,,,-235493.5,-137944.32101450002,0.585767,-0.009861000000000009,-1.655563539658983,2035.5281011449697,-137944.32101450002,2035.5281011449697,2035.5281011449697,-137944.32101450002,-137944.32101450002,0.0,0.0,0.0,0.0,0.0
Placeholder,Placeholder,STRK,Placeholder ,,-235493.5,-137944.32101450002,0.585767,-0.009861000000000009,-1.655563539658983,2035.5281011449697,-137944.32101450002,2035.5281011449697,2035.5281011449697,-137944.32101450002,-137944.32101450002,0.0,0.0,0.0,0.0,0.0
Placeholder,Placeholder,STRK,Placeholder ,STRK,-235493.5,-137944.32101450002,0.585767,-0.009861000000000009,-1.655563539658983,2035.5281011449697,-137944.32101450002,2035.5281011449697,2035.5281011449697,-137944.32101450002,-137944.32101450002,0.0,0.0,0.0,0.0,0.0
Placeholder,Placeholder,USDT,,,-2511000.0,-2511910.592977248,1.000362641568,6.120979299995e-05,0.006119134798331274,-153.69779022270814,0.0,0.0,-1891.6600998332724,-153.69779022270814,-2511910.592977248,0.0,0.0,0.0,0.0,0.0
Placeholder,Placeholder,USDT,Placeholder ,,-2511000.0,-2511910.592977248,1.000362641568,6.120979299995e-05,0.006119134798331274,-153.69779022270814,0.0,0.0,-1891.6600998332724,-153.69779022270814,-2511910.592977248,0.0,0.0,0.0,0.0,0.0
Placeholder,Placeholder,USDT,Placeholder ,USDT,-2511000.0,-2511910.592977248,1.000362641568,6.120979299995e-05,0.006119134798331274,-153.69779022270814,0.0,0.0,-1891.6600998332724,-153.69779022270814,-2511910.592977248,0.0,0.0,0.0,0.0,0.0
Placeholder,Placeholder,WETH,,,500.0,1730590.0,3461.18,-28.40000000000009,-0.8138515236790701,-14200.0,0.0,0.0,588405.0,-14200.0,1730590.0,0.0,0.0,0.0,0.0,0.0
Placeholder,Placeholder,WETH,Placeholder ,,500.0,1730590.0,3461.18,-28.40000000000009,-0.8138515236790701,-14200.0,0.0,0.0,588405.0,-14200.0,1730590.0,0.0,0.0,0.0,0.0,0.0
Placeholder,Placeholder,WETH,Placeholder ,WETH,500.0,1730590.0,3461.18,-28.40000000000009,-0.8138515236790701,-14200.0,0.0,0.0,588405.0,-14200.0,1730590.0,0.0,0.0,0.0,0.0,0.0
SP,,,,,0.0,398287.89802890614,,,,-2003.8276623788104,0.0,0.0,106421234.1333279,-26213.76397361167,325902.2437175052,,-24209.936311232865,-165.067976134517,1728.0604686395423,
SP,SP,,,,0.0,398287.89802890614,,,,-2003.8276623788104,0.0,0.0,106421234.1333279,-26213.76397361167,325902.2437175052,,-24209.936311232865,-165.067976134517,1728.0604686395423,
SP,SP,SP,,,0.0,398287.89802890614,,,,-2003.8276623788104,0.0,0.0,106421234.1333279,-26213.76397361167,325902.2437175052,,-24209.936311232865,-165.067976134517,1728.0604686395423,
SP,SP,SP,SP ,,0.0,398287.89802890614,,,,-2003.8276623788104,0.0,0.0,106421234.1333279,-26213.76397361167,325902.2437175052,,-24209.936311232865,-165.067976134517,1728.0604686395423,
SP,SP,SP,SP ,SP,0.0,398287.89802890614,,,,-2003.8276623788104,0.0,0.0,106421234.1333279,-26213.76397361167,325902.2437175052,,-24209.936311232865,-165.067976134517,1728.0604686395423,
Ventures,,,,,,86385152.10451385,,,,-1330888.3517207138,0.0,0.0,-46129444.48495583,-1330888.3517207138,86385152.10451385,,0.0,0.0,0.0,
Ventures,Crypto,,,,,104776343.78611386,,,,-1632383.2973207147,0.0,0.0,-58150893.85414773,-1632383.2973207147,104776343.78611386,,0.0,0.0,0.0,
Ventures,Crypto,MATIC,,,4016064.0,2154052.0011888556,0.536358982623,-0.0035606909060000858,-0.6594853050504437,-14299.962562714238,0.0,0.0,-1810227.1937157335,-14299.962562714238,2154052.0011888556,0.0,0.0,0.0,0.0,0.0
Ventures,Crypto,MATIC,Locked ,,4016064.0,2154052.0011888556,0.536358982623,-0.0035606909060000858,-0.6594853050504437,-14299.962562714238,0.0,0.0,-1810227.1937157335,-14299.962562714238,2154052.0011888556,0.0,0.0,0.0,0.0,0.0
Ventures,Crypto,MATIC,Locked ,MATIC,4016064.0,2154052.0011888556,0.536358982623,-0.0035606909060000858,-0.6594853050504437,-14299.962562714238,0.0,0.0,-1810227.1937157335,-14299.962562714238,2154052.0011888556,0.0,0.0,0.0,0.0,0.0
Ventures,Crypto,PYTH,,,41666667.0,14782291.784925,0.354775,-0.004274,-1.190366774451398,-178083.33475800045,0.0,0.0,779333.3395680003,-178083.33475800045,14782291.784925,0.0,0.0,0.0,0.0,0.0
Ventures,Crypto,PYTH,Locked ,,41666667.0,14782291.784925,0.354775,-0.004274,-1.190366774451398,-178083.33475800045,0.0,0.0,779333.3395680003,-178083.33475800045,14782291.784925,0.0,0.0,0.0,0.0,0.0
Ventures,Crypto,PYTH,Locked ,PYTH,41666667.0,14782291.784925,0.354775,-0.004274,-1.190366774451398,-178083.33475800045,0.0,0.0,779333.3395680003,-178083.33475800045,14782291.784925,0.0,0.0,0.0,0.0,0.0
Ventures,Crypto,TIA,,,12000000.0,87840000.0,7.32,-0.1200000000000001,-1.6129032258064528,-1440000.0,0.0,0.0,-57120000.0,-1440000.0,87840000.0,0.0,0.0,0.0,0.0,0.0
Ventures,Crypto,TIA,Locked ,,12000000.0,87840000.0,7.32,-0.1200000000000001,-1.6129032258064528,-1440000.0,0.0,0.0,-57120000.0,-1440000.0,87840000.0,0.0,0.0,0.0,0.0,0.0
Ventures,Crypto,TIA,Locked ,TIA,12000000.0,87840000.0,7.32,-0.1200000000000001,-1.6129032258064528,-1440000.0,0.0,0.0,-57120000.0,-1440000.0,87840000.0,0.0,0.0,0.0,0.0,0.0
Ventures,Perp,,,,-1900727.0,-13913321.639999999,7.32,-0.1200000000000001,-1.6129032258064528,228087.2400000008,0.0,0.0,8407985.833580002,228087.2400000008,-13913321.639999999,0.0,0.0,0.0,0.0,0.0
Ventures,Perp,TIA,,,-1900727.0,-13913321.639999999,7.32,-0.1200000000000001,-1.6129032258064528,228087.2400000008,0.0,0.0,8407985.833580002,228087.2400000008,-13913321.639999999,0.0,0.0,0.0,0.0,0.0
Ventures,Perp,TIA, ,,-1900727.0,-13913321.639999999,7.32,-0.1200000000000001,-1.6129032258064528,228087.2400000008,0.0,0.0,8407985.833580002,228087.2400000008,-13913321.639999999,0.0,0.0,0.0,0.0,0.0
Ventures,Perp,TIA, ,TIA,-1900727.0,-13913321.639999999,7.32,-0.1200000000000001,-1.6129032258064528,228087.2400000008,0.0,0.0,8407985.833580002,228087.2400000008,-13913321.639999999,0.0,0.0,0.0,0.0,0.0
Ventures,Spot,,,,-611730.88,-4477870.0416,7.32,-0.1200000000000001,-1.6129032258064528,73407.70560000013,0.0,0.0,3613463.5356118996,73407.70560000013,-4477870.0416,0.0,0.0,0.0,0.0,0.0
Ventures,Spot,TIA,,,-611730.88,-4477870.0416,7.32,-0.1200000000000001,-1.6129032258064528,73407.70560000013,0.0,0.0,3613463.5356118996,73407.70560000013,-4477870.0416,0.0,0.0,0.0,0.0,0.0
Ventures,Spot,TIA, ,,-611730.88,-4477870.0416,7.32,-0.1200000000000001,-1.6129032258064528,73407.70560000013,0.0,0.0,3613463.5356118996,73407.70560000013,-4477870.0416,0.0,0.0,0.0,0.0,0.0
Ventures,Spot,TIA, ,TIA,-611730.88,-4477870.0416,7.32,-0.1200000000000001,-1.6129032258064528,73407.70560000013,0.0,0.0,3613463.5356118996,73407.70560000013,-4477870.0416,0.0,0.0,0.0,0.0,0.0
