,,,,,,Quantity,Delta,Price,Price Change,Price Change (%),Period PnL,Traded Delta,Traded PnL,YTD PnL,Period Delta Change,Mkt Value,%Delta,$Gamma,$Vega,$Theta,ImpliedVol
Pod(L2),Book(L3),Desk Strategy,Underlier,Expiry,Ticker,,,,,,,,,,,,,,,,
,,,,,,,1394653036.955346,,,,-51361900.45714639,16434920.614912318,523435.29687736806,370977178.8931919,-33111301.714312203,1325276905.0156856,,2339113.3574420144,46707.19688614896,-194624.81516384383,
Beimnet,,,,,,,5296892.990776977,,,,859257.3828008118,4696488.881214075,461401.74014189374,-2351697.4245429686,4475902.087582019,-8348482.279352071,,-618442.4362909689,-6272.102268811463,-5096.087153880559,
Beimnet,Crypto,,,,,,5991282.287176974,,,,804114.7033808106,4696488.881214075,461401.74014189374,154522.65416239295,4420759.408162018,-7654092.982952073,,-618442.4362909689,-6272.102268811463,-5096.087153880559,
Beimnet,Crypto,Core,,,,,3152016.2117948127,,,,-304369.20020456816,5822642.5430418635,-192420.22021221416,-1148336.5347535468,5710693.563049504,3152016.2117948127,,0.0,0.0,0.0,
Beimnet,Crypto,Core,AKT,,,159156.6288000001,541132.537920001,3.4,-0.27,-7.3569482288828345,-42972.289776000536,0.0,0.0,-1848804.5688040918,-42972.289776000536,541132.537920001,0.0,0.0,0.0,0.0,0.0
Beimnet,Crypto,Core,AKT,,,159156.6288000001,541132.537920001,3.4,-0.27,-7.3569482288828345,-42972.289776000536,0.0,0.0,-1848804.5688040918,-42972.289776000536,541132.537920001,0.0,0.0,0.0,0.0,0.0
Beimnet,Crypto,Core,AKT,,AKT,159156.6288000001,541132.537920001,3.4,-0.27,-7.3569482288828345,-42972.289776000536,0.0,0.0,-1848804.5688040918,-42972.289776000536,541132.537920001,0.0,0.0,0.0,0.0,0.0
Beimnet,Crypto,Core,AVAX,,,123863.40000000002,3730199.368191574,30.115428513924,-2.2084913246469995,-6.832374710976991,-271166.4471617726,3730199.3681915747,-271166.44716177206,-88046.71249284834,3730199.368191573,3730199.368191574,0.0,0.0,0.0,0.0,0.0
Beimnet,Crypto,Core,AVAX,,,123863.40000000002,3730199.368191574,30.115428513924,-2.2084913246469995,-6.832374710976991,-271166.4471617726,3730199.3681915747,-271166.44716177206,-88046.71249284834,3730199.368191573,3730199.368191574,0.0,0.0,0.0,0.0,0.0
Beimnet,Crypto,Core,AVAX,,AVAX,123863.40000000002,3730199.368191574,30.115428513924,-2.2084913246469995,-6.832374710976991,-271166.4471617726,3730199.3681915747,-271166.44716177206,-88046.71249284834,3730199.368191573,3730199.368191574,0.0,0.0,0.0,0.0,0.0
Beimnet,Crypto,Core,BTC,,,172.15203154000537,11348216.438037094,65919.7358086351,-2207.8129955851764,-3.2407051689615605,-167344.65306799242,6018817.879496893,11149.924494550563,161131.92658843752,5840323.301934339,11348216.438037094,0.0,0.0,0.0,0.0,0.0
Beimnet,Crypto,Core,BTC,,,172.15203154000537,11348216.438037094,65919.7358086351,-2207.8129955851764,-3.2407051689615605,-167344.65306799242,6018817.879496893,11149.924494550563,161131.92658843752,5840323.301934339,11348216.438037094,0.0,0.0,0.0,0.0,0.0
Beimnet,Crypto,Core,BTC,,BTC,172.15203154000537,11348216.438037094,65919.7358086351,-2207.8129955851764,-3.2407051689615605,-167344.65306799242,6018817.879496893,11149.924494550563,161131.92658843752,5840323.301934339,11348216.438037094,0.0,0.0,0.0,0.0,0.0
Beimnet,Crypto,Core,ETH,,,-2980.6956317199683,-10390352.852970796,3485.881866769182,-2.5610844265470405,-0.07341626228025833,72345.40021619725,-3926374.704646604,67596.30245500733,422330.0706636959,-3921625.6068854076,-10390352.852970796,0.0,0.0,0.0,0.0,0.0
Beimnet,Crypto,Core,ETH,,,-2980.6956317199683,-10390352.852970796,3485.881866769182,-2.5610844265470405,-0.07341626228025833,72345.40021619725,-3926374.704646604,67596.30245500733,422330.0706636959,-3921625.6068854076,-10390352.852970796,0.0,0.0,0.0,0.0,0.0
Beimnet,Crypto,Core,ETH,,ETH,-2980.6956317199683,-10390352.852970796,3485.881866769182,-2.5610844265470405,-0.07341626228025833,72345.40021619725,-3926374.704646604,67596.30245500733,422330.0706636959,-3921625.6068854076,-10390352.852970796,0.0,0.0,0.0,0.0,0.0
Beimnet,Crypto,Core,LEO,,,40000.0,231285.31964944,5.782132991236,-0.0037552887499998633,-0.0649042734369726,-150.21154999997816,0.0,0.0,71980.49388276,-150.21154999997816,231285.31964944,0.0,0.0,0.0,0.0,0.0
Beimnet,Crypto,Core,LEO,,,40000.0,231285.31964944,5.782132991236,-0.0037552887499998633,-0.0649042734369726,-150.21154999997816,0.0,0.0,71980.49388276,-150.21154999997816,231285.31964944,0.0,0.0,0.0,0.0,0.0
Beimnet,Crypto,Core,LEO,,LEO,40000.0,231285.31964944,5.782132991236,-0.0037552887499998633,-0.0649042734369726,-150.21154999997816,0.0,0.0,71980.49388276,-150.21154999997816,231285.31964944,0.0,0.0,0.0,0.0,0.0
Beimnet,Crypto,Core,SUI,,,-1857957.5,-1527699.9805025,0.822247,-0.02943400000000007,-3.455988803319561,54687.121054999996,0.0,0.0,-27700.288367500063,54687.121054999996,-1527699.9805025,0.0,0.0,0.0,0.0,0.0
Beimnet,Crypto,Core,SUI,,,-1857957.5,-1527699.9805025,0.822247,-0.02943400000000007,-3.455988803319561,54687.121054999996,0.0,0.0,-27700.288367500063,54687.121054999996,-1527699.9805025,0.0,0.0,0.0,0.0,0.0
Beimnet,Crypto,Core,SUI,,SUI,-1857957.5,-1527699.9805025,0.822247,-0.02943400000000007,-3.455988803319561,54687.121054999996,0.0,0.0,-27700.288367500063,54687.121054999996,-1527699.9805025,0.0,0.0,0.0,0.0,0.0
Beimnet,Crypto,Core,WLD,,,-178453.84100000004,-394382.98860999994,2.21,-0.16000000000000014,-6.7510548523206815,28552.614560000133,0.0,0.0,-2844.839880000043,28552.614560000133,-394382.98860999994,0.0,0.0,0.0,0.0,0.0
Beimnet,Crypto,Core,WLD,,,-178453.84100000004,-394382.98860999994,2.21,-0.16000000000000014,-6.7510548523206815,28552.614560000133,0.0,0.0,-2844.839880000043,28552.614560000133,-394382.98860999994,0.0,0.0,0.0,0.0,0.0
Beimnet,Crypto,Core,WLD,,WLD,-178453.84100000004,-394382.98860999994,2.21,-0.16000000000000014,-6.7510548523206815,28552.614560000133,0.0,0.0,-2844.839880000043,28552.614560000133,-394382.98860999994,0.0,0.0,0.0,0.0,0.0
Beimnet,Crypto,Core,XAI,,,-1117776.0,-386381.62992,0.34567,-0.019394999999999996,-5.312752523523208,21679.265519999986,0.0,0.0,163617.38365600005,21679.265519999986,-386381.62992,0.0,0.0,0.0,0.0,0.0
Beimnet,Crypto,Core,XAI,,,-1117776.0,-386381.62992,0.34567,-0.019394999999999996,-5.312752523523208,21679.265519999986,0.0,0.0,163617.38365600005,21679.265519999986,-386381.62992,0.0,0.0,0.0,0.0,0.0
Beimnet,Crypto,Core,XAI,,XAI,-1117776.0,-386381.62992,0.34567,-0.019394999999999996,-5.312752523523208,21679.265519999986,0.0,0.0,163617.38365600005,21679.265519999986,-386381.62992,0.0,0.0,0.0,0.0,0.0
Beimnet,Crypto,Locked,,,,1151605.4766290002,22095323.972922754,19.18653950622098,-1.4070298229326035,-6.832374710976991,-830264.7424478005,2599449.9319213373,599449.8859213372,5095323.926925454,1169735.3035521996,22095323.972922754,0.0,0.0,0.0,0.0,0.0
Beimnet,Crypto,Locked,LOCKED_AVAX,,,1151605.4766290002,22095323.972922754,19.18653950622098,-1.4070298229326035,-6.832374710976991,-830264.7424478005,2599449.9319213373,599449.8859213372,5095323.926925454,1169735.3035521996,22095323.972922754,0.0,0.0,0.0,0.0,0.0
Beimnet,Crypto,Locked,LOCKED_AVAX,,,1151605.4766290002,22095323.972922754,19.18653950622098,-1.4070298229326035,-6.832374710976991,-830264.7424478005,2599449.9319213373,599449.8859213372,5095323.926925454,1169735.3035521996,22095323.972922754,0.0,0.0,0.0,0.0,0.0
Beimnet,Crypto,Locked,LOCKED_AVAX,,LOCKED_AVAX,1151605.4766290002,22095323.972922754,19.18653950622098,-1.4070298229326035,-6.832374710976991,-830264.7424478005,2599449.9319213373,599449.8859213372,5095323.926925454,1169735.3035521996,22095323.972922754,0.0,0.0,0.0,0.0,0.0
Beimnet,Crypto,Options ,,,,,14617241.81710386,,,,-545323.2150851743,-3725603.5937491255,54372.07443277075,620018.9363845801,-4943741.319558039,971866.5469748161,,-618442.4362909689,-6272.1022688114645,-5096.087153880561,
Beimnet,Crypto,Options ,BTC,,,,14617241.81710386,,,,-545323.2150851743,-3725603.5937491255,54372.07443277075,620018.9363845801,-4943741.319558039,971866.5469748161,,-618442.4362909689,-6272.1022688114645,-5096.087153880561,
Beimnet,Crypto,Options ,BTC,2024AUG02,,,9077952.133507913,,,,-463680.00032505544,0.0,0.0,-101034.49346564777,350633.58321469114,659106.0777168244,,814313.5835397466,14565.447311789469,-52493.21772705142,
Beimnet,Crypto,Options ,BTC,2024AUG02,BTCUSD-2024AUG02-C-70000=GALAXY_HK,500.0,10952719.45760287,1540.28939898924,-1163.6290477563598,-43.03491657290508,-581801.7260979995,0.0,0.0,-139992.50272519968,475434.68365454476,770144.69949462,33.230471339868835,1057236.4097525442,19362.909201081646,-71630.69337965256,0.6998627730964114
Beimnet,Crypto,Options ,BTC,2024AUG02,BTCUSD-2024AUG02-C-76000=GALAXY_HK,-200.0,-1874767.324094956,555.1931088889778,-590.6254736779829,-51.54615945875247,118121.72577294405,0.0,0.0,38958.00925955191,-124801.10043985359,-111038.62177779556,14.220076135752446,-242922.82621279763,-4797.461889292177,19137.47565260113,0.7546707784345142
Beimnet,Crypto,Options ,BTC,2024AUG30,,-100.0,-1565175.509337886,1838.6306415344516,1838.6306415344516,inf,28635.838408390555,-1565175.509337886,28635.838408390555,28635.838408390555,-1656920.0671740288,-183863.06415344516,23.743655676679108,-91744.55783614283,-6611.387235021673,6038.447968115272,0.6842601225121436
Beimnet,Crypto,Options ,BTC,2024AUG30,BTCUSD-2024AUG30-C-80000=GALAXY_HK,-100.0,-1565175.509337886,1838.6306415344516,1838.6306415344516,inf,28635.838408390555,-1565175.509337886,28635.838408390555,28635.838408390555,-1656920.0671740288,-183863.06415344516,23.743655676679108,-91744.55783614283,-6611.387235021673,6038.447968115272,0.6842601225121436
Beimnet,Crypto,Options ,BTC,2024JUL26,,,9264893.277345072,,,,-136015.28919288958,0.0,0.0,666681.3554174572,-1396450.2514675772,857886.2560386623,,-1260434.9622746876,-3908.795793642963,35986.053981886165,
Beimnet,Crypto,Options ,BTC,2024JUL26,BTCUSD-2024JUL26-C-63000=GALAXY_HK,400.0,22776370.733441275,3231.5961023307827,-2235.2805989595945,-40.88770830393868,-894101.2487683299,0.0,0.0,972649.4317478209,423157.88431152236,1292638.440932313,86.37917936883518,1317259.1330798522,4735.791801206893,-51209.670560737744,0.5318420601810541
Beimnet,Crypto,Options ,BTC,2024JUL26,BTCUSD-2024JUL26-C-66000=GALAXY_HK,-400.0,-13511477.456096202,1086.8804622341268,-1895.254627530383,-63.55361412148655,758085.9595754403,0.0,0.0,-305968.0763303637,-1819608.1357790995,-434752.1848936507,51.24215566988923,-2577694.09535454,-8644.587594849856,87195.72454262391,0.496105686791
Beimnet,Crypto,Options ,BTC,2024SEP27,,-100.0,-2160428.0844112393,3612.627226272256,3612.627226272256,inf,25736.236024380196,-2160428.0844112393,25736.236024380196,25736.236024380196,-2241004.5841311244,-361262.72262722556,32.773615638918194,-80576.4997198851,-10317.366551936297,5372.628623169428,0.6817398056241964
Beimnet,Crypto,Options ,BTC,2024SEP27,BTCUSD-2024SEP27-C-80000=GALAXY_HK,-100.0,-2160428.0844112393,3612.627226272256,3612.627226272256,inf,25736.236024380196,-2160428.0844112393,25736.236024380196,25736.236024380196,-2241004.5841311244,-361262.72262722556,32.773615638918194,-80576.4997198851,-10317.366551936297,5372.628623169428,0.6817398056241964
Beimnet,Crypto,SpecialSits,,,,-1124782.2589999996,-33873299.714644454,30.115428513924,-2.2084913246469995,-6.832374710976991,2484071.8611183534,0.0,0.0,-4568681.585594094,2484071.8611183534,-33873299.714644454,0.0,0.0,0.0,0.0,0.0
Beimnet,Crypto,SpecialSits,AVAX,,,-1124782.2589999996,-33873299.714644454,30.115428513924,-2.2084913246469995,-6.832374710976991,2484071.8611183534,0.0,0.0,-4568681.585594094,2484071.8611183534,-33873299.714644454,0.0,0.0,0.0,0.0,0.0
Beimnet,Crypto,SpecialSits,AVAX,,,-1124782.2589999996,-33873299.714644454,30.115428513924,-2.2084913246469995,-6.832374710976991,2484071.8611183534,0.0,0.0,-4568681.585594094,2484071.8611183534,-33873299.714644454,0.0,0.0,0.0,0.0,0.0
Beimnet,Crypto,SpecialSits,AVAX,,AVAX,-1124782.2589999996,-33873299.714644454,30.115428513924,-2.2084913246469995,-6.832374710976991,2484071.8611183534,0.0,0.0,-4568681.585594094,2484071.8611183534,-33873299.714644454,0.0,0.0,0.0,0.0,0.0
Beimnet,Crypto,StratOps,,,,0.0,0.0,3.4,-0.27,-7.3569482288828345,0.0,0.0,0.0,156197.91119999997,0.0,0.0,0.0,0.0,0.0,0.0,0.0
Beimnet,Crypto,StratOps,AKT,,,0.0,0.0,3.4,-0.27,-7.3569482288828345,0.0,0.0,0.0,156197.91119999997,0.0,0.0,0.0,0.0,0.0,0.0,0.0
Beimnet,Crypto,StratOps,AKT,,,0.0,0.0,3.4,-0.27,-7.3569482288828345,0.0,0.0,0.0,156197.91119999997,0.0,0.0,0.0,0.0,0.0,0.0,0.0
Beimnet,Crypto,StratOps,AKT,,AKT,0.0,0.0,3.4,-0.27,-7.3569482288828345,0.0,0.0,0.0,156197.91119999997,0.0,0.0,0.0,0.0,0.0,0.0,0.0
Beimnet,StratOps,,,,,-204232.1459999988,-694389.2963999975,3.4,-0.27,-7.3569482288828345,55142.67942000134,0.0,0.0,-2506220.0787053616,55142.67942000134,-694389.2963999975,0.0,0.0,0.0,0.0,0.0
Beimnet,StratOps,,,,,-204232.1459999988,-694389.2963999975,3.4,-0.27,-7.3569482288828345,55142.67942000134,0.0,0.0,-2506220.0787053616,55142.67942000134,-694389.2963999975,0.0,0.0,0.0,0.0,0.0
Beimnet,StratOps,,AKT,,,-204232.1459999988,-694389.2963999975,3.4,-0.27,-7.3569482288828345,55142.67942000134,0.0,0.0,-2506220.0787053616,55142.67942000134,-694389.2963999975,0.0,0.0,0.0,0.0,0.0
Beimnet,StratOps,,AKT,,,-204232.1459999988,-694389.2963999975,3.4,-0.27,-7.3569482288828345,55142.67942000134,0.0,0.0,-2506220.0787053616,55142.67942000134,-694389.2963999975,0.0,0.0,0.0,0.0,0.0
Beimnet,StratOps,,AKT,,AKT,-204232.1459999988,-694389.2963999975,3.4,-0.27,-7.3569482288828345,55142.67942000134,0.0,0.0,-2506220.0787053616,55142.67942000134,-694389.2963999975,0.0,0.0,0.0,0.0,0.0
Bouchra,,,,,,,28862369.524970867,,,,-859682.4648274262,-3472487.4102553637,70262.62053762513,1891896.0812273608,-4226843.862950467,22756891.425837,,175588.87519250606,-228.6924063989254,-12921.572585704453,
Bouchra,Crypto,,,,,,27955517.63907799,,,,-846960.6126242755,-3472487.4102553637,70262.62053762513,1941113.7650797272,-4214122.010747315,22689032.451021176,,175588.8753101897,-2513.773594117705,-12921.39643134658,
Bouchra,Crypto,Core,,,,,18690360.38384558,,,,-705210.7290538707,-2951762.085966792,51180.236680816946,1694055.7114683767,-3708153.0517014796,18690360.38384558,,0.0,0.0,0.0,
Bouchra,Crypto,Core,BTC,,,178.7127395,11780696.573477428,65919.7358086351,-2207.8129955851764,-3.2407051689615605,-430107.9653101364,-1969001.4090148928,30403.010935937287,1226681.3640637088,-2429512.3852609666,11780696.573477428,0.0,0.0,0.0,0.0,0.0
Bouchra,Crypto,Core,BTC,,,178.7127395,11780696.573477428,65919.7358086351,-2207.8129955851764,-3.2407051689615605,-430107.9653101364,-1969001.4090148928,30403.010935937287,1226681.3640637088,-2429512.3852609666,11780696.573477428,0.0,0.0,0.0,0.0,0.0
Bouchra,Crypto,Core,BTC,,BTC,178.7127395,11780696.573477428,65919.7358086351,-2207.8129955851764,-3.2407051689615605,-430107.9653101364,-1969001.4090148928,30403.010935937287,1226681.3640637088,-2429512.3852609666,11780696.573477428,0.0,0.0,0.0,0.0,0.0
Bouchra,Crypto,Core,DOGE,,,6374114.824592309,836420.75370448,0.131221475722,-0.01017675043500002,-7.197226380831944,-64867.77581390989,0.0,0.0,-123591.24279068699,-64867.77581390989,836420.75370448,0.0,0.0,0.0,0.0,0.0
Bouchra,Crypto,Core,DOGE,,,6374114.824592309,836420.75370448,0.131221475722,-0.01017675043500002,-7.197226380831944,-64867.77581390989,0.0,0.0,-123591.24279068699,-64867.77581390989,836420.75370448,0.0,0.0,0.0,0.0,0.0
Bouchra,Crypto,Core,DOGE,,DOGE,6374114.824592309,836420.75370448,0.131221475722,-0.01017675043500002,-7.197226380831944,-64867.77581390989,0.0,0.0,-123591.24279068699,-64867.77581390989,836420.75370448,0.0,0.0,0.0,0.0,0.0
Bouchra,Crypto,Core,ETH,,,675.9318431499998,2356218.555208456,3485.881866769182,-2.5610844265470405,-0.07341626228025833,5685.641835765418,3875.4708216690124,7413.913036447804,408024.6339010683,2147.19962098651,2356218.555208456,0.0,0.0,0.0,0.0,0.0
Bouchra,Crypto,Core,ETH,,,675.9318431499998,2356218.555208456,3485.881866769182,-2.5610844265470405,-0.07341626228025833,5685.641835765418,3875.4708216690124,7413.913036447804,408024.6339010683,2147.19962098651,2356218.555208456,0.0,0.0,0.0,0.0,0.0
Bouchra,Crypto,Core,ETH,,ETH,675.9318431499998,2356218.555208456,3485.881866769182,-2.5610844265470405,-0.07341626228025833,5685.641835765418,3875.4708216690124,7413.913036447804,408024.6339010683,2147.19962098651,2356218.555208456,0.0,0.0,0.0,0.0,0.0
Bouchra,Crypto,Core,SOL,,,16689.869965600003,2905463.218557144,174.08543173468,-8.513620272894002,-4.662466852533751,-176979.18602410203,-986636.1477735682,13363.312708431855,542972.5986682784,-1176978.646506102,2905463.218557144,0.0,0.0,0.0,0.0,0.0
Bouchra,Crypto,Core,SOL,,,16689.869965600003,2905463.218557144,174.08543173468,-8.513620272894002,-4.662466852533751,-176979.18602410203,-986636.1477735682,13363.312708431855,542972.5986682784,-1176978.646506102,2905463.218557144,0.0,0.0,0.0,0.0,0.0
Bouchra,Crypto,Core,SOL,,SOL,16689.869965600003,2905463.218557144,174.08543173468,-8.513620272894002,-4.662466852533751,-176979.18602410203,-986636.1477735682,13363.312708431855,542972.5986682784,-1176978.646506102,2905463.218557144,0.0,0.0,0.0,0.0,0.0
Bouchra,Crypto,Core,STX,,,269995.74,478390.07664306817,1.771843054424,-0.113605352627,-6.025375831136548,-30672.961250487802,0.0,0.0,-343202.84859819175,-30672.961250487802,478390.07664306817,0.0,0.0,0.0,0.0,0.0
Bouchra,Crypto,Core,STX,,,269995.74,478390.07664306817,1.771843054424,-0.113605352627,-6.025375831136548,-30672.961250487802,0.0,0.0,-343202.84859819175,-30672.961250487802,478390.07664306817,0.0,0.0,0.0,0.0,0.0
Bouchra,Crypto,Core,STX,,STX,269995.74,478390.07664306817,1.771843054424,-0.113605352627,-6.025375831136548,-30672.961250487802,0.0,0.0,-343202.84859819175,-30672.961250487802,478390.07664306817,0.0,0.0,0.0,0.0,0.0
Bouchra,Crypto,Core,TON,,,48638.1323,333171.20625499997,6.85,-0.16999999999999993,-2.421652421652421,-8268.482490999973,0.0,0.0,-16828.793775800033,-8268.482490999973,333171.20625499997,0.0,0.0,0.0,0.0,0.0
Bouchra,Crypto,Core,TON,,,48638.1323,333171.20625499997,6.85,-0.16999999999999993,-2.421652421652421,-8268.482490999973,0.0,0.0,-16828.793775800033,-8268.482490999973,333171.20625499997,0.0,0.0,0.0,0.0,0.0
Bouchra,Crypto,Core,TON,,TON,48638.1323,333171.20625499997,6.85,-0.16999999999999993,-2.421652421652421,-8268.482490999973,0.0,0.0,-16828.793775800033,-8268.482490999973,333171.20625499997,0.0,0.0,0.0,0.0,0.0
Bouchra,Crypto,E_CRYPTO_EQUITY ,,,,,1496443.972396564,,,,-35433.619617656426,0.0,0.0,356941.56737147615,-35433.619617656426,1607466.8244548377,,0.24264024123255012,-419.01355456405304,0.08960365394249353,
Bouchra,Crypto,E_CRYPTO_EQUITY ,BTC,,,,1496443.972396564,,,,-35433.619617656426,0.0,0.0,356941.56737147615,-35433.619617656426,1607466.8244548377,,0.24264024123255012,-419.01355456405304,0.08960365394249353,
Bouchra,Crypto,E_CRYPTO_EQUITY ,BTC,,,,1632228.9936288309,,,,-41543.57899418682,0.0,0.0,342769.0086288092,-41543.57899418682,1632228.9936288309,,0.0,0.0,0.0,
Bouchra,Crypto,E_CRYPTO_EQUITY ,BTC,,FIP,27144.0,275946.02976540447,10.166004633267185,0.27988866457151396,2.831128680442145,7597.297911129169,0.0,0.0,26991.259765382783,7597.297911129169,275946.02976540447,0.0,0.0,0.0,0.0,0.0
Bouchra,Crypto,E_CRYPTO_EQUITY ,BTC,,WULF,245800.0,1356282.9638634264,5.5178314233662595,-0.19992220059119603,-3.4965165297350285,-49140.87690531599,0.0,0.0,315777.7488634264,-49140.87690531599,1356282.9638634264,0.0,0.0,0.0,0.0,0.0
Bouchra,Crypto,E_CRYPTO_EQUITY ,BTC,2024AUG16,,-865.0,-135785.02123226697,0.28626785172246466,-35.39280802557632,-99.197659006901,6109.959376530394,0.0,0.0,14172.558742666944,6109.959376530394,-24762.169173993192,28.437844775125022,0.24264024123255012,-419.01355456405304,0.08960365394249353,1.311127280615833
Bouchra,Crypto,E_CRYPTO_EQUITY ,BTC,2024AUG16,WULF/16Aug2024/C7.0,-865.0,-135785.02123226697,0.28626785172246466,-35.39280802557632,-99.197659006901,6109.959376530394,0.0,0.0,14172.558742666944,6109.959376530394,-24762.169173993192,28.437844775125022,0.24264024123255012,-419.01355456405304,0.08960365394249353,1.311127280615833
Bouchra,Crypto,Options ,,,,,6245210.099852383,,,,-241679.59220624436,-524986.0268110719,13897.478194283212,-225044.54712454102,-604974.4645416511,867702.0597372948,,175588.63266994862,-2094.7600395536556,-12921.486035000515,
Bouchra,Crypto,Options ,BTC,,,,7090302.0717516225,,,,-246620.4782146649,-524986.0268110719,13897.478194283212,-85848.04603276258,-620264.6041560739,1035398.6253548822,,165239.37906394628,1941.454614775385,-12024.911219461315,
Bouchra,Crypto,Options ,BTC,2024AUG02,,,5664170.438362008,,,,-293328.28150140785,-524986.0268110719,13897.478194283212,-28853.09721133292,-385378.0128582169,434841.74088051234,,446833.773648546,7715.504886619912,-26689.587545082508,
Bouchra,Crypto,Options ,BTC,2024AUG02,BTCUSD-2024AUG02-C-69000=GALAXY_HK,150.0,3739323.392684337,1825.2445700564858,-1282.2382093412634,-41.2629224477881,-192332.7526116658,0.0,0.0,10839.664297996555,143249.50857305748,273786.68550847284,37.81693344503673,335582.2611847233,6081.369144006589,-22260.71935519239,0.6924983698270031
Bouchra,Crypto,Options ,BTC,2024AUG02,BTCUSD-2024AUG02-C-70000=GALAXY_HK,250.0,5476359.728801435,1540.28939898924,-1163.6290477563598,-43.03491657290508,-290900.86304899974,0.0,0.0,-69996.25136259984,237717.34182727238,385072.34974731,33.230471339868835,528618.2048762721,9681.454600540823,-35815.34668982628,0.6998627730964114
Bouchra,Crypto,Options ,BTC,2024AUG02,BTCUSD-2024AUG02-C-72000=GALAXY_HK,-150.0,-2501540.629501621,1093.7594662422125,-942.1321316518115,-46.27614420268623,141317.27314880752,0.0,0.0,-10616.466535296058,-131497.69123982656,-164063.91993633186,25.2988537126786,-272814.9643886341,-5115.021877508904,19371.423995366196,0.7164661782628309
Bouchra,Crypto,Options ,BTC,2024AUG02,BTCUSD-2024AUG02-C-78000=GALAXY_HK,-150.0,-1049972.0536221438,399.68916292625727,-462.5522320321925,-53.64532887619971,48588.061010450154,-524986.0268110719,13897.478194283212,40919.956388566425,-634847.1720187202,-59953.37443893859,10.6186919667499,-144551.72802381526,-2932.2969804185936,12015.054504569966,0.7751765149576764
Bouchra,Crypto,Options ,BTC,2024AUG30,,,1131152.9515082613,,,,-39721.52594561345,0.0,0.0,131353.9968804135,-39383.48024564359,249853.99514583545,,338.0456999698654,-187.50890636552504,338.4226745132073,
Bouchra,Crypto,Options ,BTC,2024AUG30,BTCUSD-2024AUG30-C-66000=GALAXY_HK,200.0,7425578.571788855,5763.692950462759,-1689.2640604776716,-22.665689041248292,-337850.7844048844,0.0,0.0,784365.6177832016,-85251.10496705971,1152738.5900925517,56.32287873047078,252599.67943782467,16853.883476659263,-14252.43708005548,0.6335438530798122
Bouchra,Crypto,Options ,BTC,2024AUG30,BTCUSD-2024AUG30-C-69000=GALAXY_HK,-200.0,-6294425.620280594,4514.422974733581,-1490.656422076714,-24.823259170703103,298129.25845927093,0.0,0.0,-653011.6209027881,45867.62472141613,-902884.5949467162,47.74310411796327,-252261.6337378548,-17041.392383024788,14590.859754568688,0.6414508165338334
Bouchra,Crypto,Options ,BTC,2024DEC27,,,-517457.1344073983,,,,33287.462524754636,0.0,0.0,-170657.07089374796,10890.453208044666,-67656.80301773432,,-22397.009316709984,-8240.468889693664,2024.1461391429548,
Bouchra,Crypto,Options ,BTC,2024DEC27,BTCUSD-2024DEC27-C-140000=GALAXY_HK,200.0,1728034.0787045304,1897.5323906071326,-486.40891546956755,-20.40356086912477,-97281.09768079442,0.0,0.0,-251392.83646545443,-45007.05795851846,379506.47812142654,13.107107131929435,52274.039722275964,19375.83769219485,-4809.591245185161,0.7767455805179743
Bouchra,Crypto,Options ,BTC,2024DEC27,BTCUSD-2024DEC27-C-150000=GALAXY_HK,-200.0,-1447415.2380699548,1559.2118011231505,-410.93638075087165,-20.858145825355397,82186.66543136985,0.0,0.0,201957.02905656543,36814.25462956204,-311842.3602246301,10.978618317523292,-45372.41080180781,-17101.210860492323,4316.533230091581,0.7898404527626087
Bouchra,Crypto,Options ,BTC,2024DEC27,BTCUSD-2024DEC27-C-85000=GALAXY_HK,150.0,4114930.8088078247,7513.956943754976,-1384.9638081716475,-15.563278365770387,-207743.6656866481,0.0,0.0,587019.4471023455,-127586.63742591461,1127093.5415632464,41.615567359609,80157.0282607335,26645.82826186333,-5931.852162272435,0.69661367499279
Bouchra,Crypto,Options ,BTC,2024DEC27,BTCUSD-2024DEC27-C-95000=GALAXY_HK,-225.0,-4913006.783849799,5610.730944345676,-1138.3413714233538,-16.866634674570744,256125.5604608273,0.0,0.0,-708240.7105872044,146669.8939629157,-1262414.4624777772,33.124504274998586,-109455.66649791163,-37160.92398325952,8449.05631650897,0.7114635143078992
Bouchra,Crypto,Options ,BTC,2024JUL25,,-75.0,-258896.94943114783,51.674082403656485,-645.5156127091109,-92.58823204561301,48412.77742579118,0.0,0.0,33623.55029233363,-98334.47524283452,-3875.5561802742363,5.236609770053798,-146747.2526686257,-334.8081478852805,6534.651835952245,0.5695879940127824
Bouchra,Crypto,Options ,BTC,2024JUL25,BTCUSD-2024JUL25-C-70000=GALAXY_HK,-75.0,-258896.94943114783,51.674082403656485,-645.5156127091109,-92.58823204561301,48412.77742579118,0.0,0.0,33623.55029233363,-98334.47524283452,-3875.5561802742363,5.236609770053798,-146747.2526686257,-334.8081478852805,6534.651835952245,0.5695879940127824
Bouchra,Crypto,Options ,BTC,2024JUL26,,,-1003293.8570247993,,,,90807.73745540071,0.0,0.0,-77059.15460245026,-60522.451685980704,-9708.216617861206,,-151330.18914138142,-589.247385640602,6880.532863078908,
Bouchra,Crypto,Options ,BTC,2024JUL26,BTCUSD-2024JUL26-C-71000=GALAXY_HK,-150.0,-718753.4517256726,102.785228474012,-619.9065574033693,-85.7774461419641,92984.23008397795,0.0,0.0,49830.46220237075,-185308.42020741003,-15417.7842711018,7.268975852818068,-278292.650291388,-1123.606569935365,13644.911452527625,0.5972843116876517
Bouchra,Crypto,Options ,BTC,2024JUL26,BTCUSD-2024JUL26-P-60000=GALAXY_HK,150.0,-284540.4052991268,38.0637843549373,-14.515387803437534,-27.60672564359787,-2176.492628577238,0.0,0.0,-126889.61680482101,124785.96852142933,5709.567653240594,-2.877645081640368,126962.46115000657,534.359184294763,-6764.378589448717,0.62262498286266
Bouchra,Crypto,Options ,BTC,2024SEP27,,,2074626.6227446976,,,,-86078.64817359013,0.0,0.0,25743.729502021364,-47536.63733144281,431943.46514440415,,38542.01084214731,3577.983057740542,-1113.0771870661265,
Bouchra,Crypto,Options ,BTC,2024SEP27,BTCUSD-2024SEP27-C-100000=GALAXY_HK,-150.0,-1360820.024224796,1302.328717149624,-443.3017090392359,-25.39493482632933,66494.51454548512,0.0,0.0,65499.95061715614,-935.0546984519169,-195349.3075724436,13.762393589028276,-67429.56924393703,-9427.452947723252,5360.388170746254,0.7443933257913263
Bouchra,Crypto,Options ,BTC,2024SEP27,BTCUSD-2024SEP27-C-75000=GALAXY_HK,150.0,4031183.6766402456,4787.295113474094,-1206.270567060732,-20.126092402362598,-180939.32529563305,0.0,0.0,199695.5267845909,-48237.09393343024,718094.2670211141,40.768606722401174,132702.23136220282,16635.96698908283,-8481.568056936458,0.6674647086986079
Bouchra,Crypto,Options ,BTC,2024SEP27,BTCUSD-2024SEP27-C-85000=GALAXY_HK,-50.0,-865479.49406009,2750.757358470115,-804.5138180397716,-22.628761017029962,40225.33672206127,0.0,0.0,-305888.2221034331,4652.355731959979,-137537.86792350572,26.258585033549757,-35572.98099010129,-4656.9169597541495,2479.333032377367,0.6970063213262879
Bouchra,Crypto,Options ,BTC,2024SEP27,BTCUSD-2024SEP27-C-90000=GALAXY_HK,100.0,1388665.3416196199,2117.9229300161896,-656.1522186621114,-23.653008065579368,-65614.58827697858,0.0,0.0,-74607.07340914849,-3997.0941096264505,211792.29300161896,21.06600283791964,61617.49416735213,8248.639449842982,-4490.747772352355,0.7127492523369353
Bouchra,Crypto,Options ,BTC,2024SEP27,BTCUSD-2024SEP27-C-95000=GALAXY_HK,-100.0,-1118922.8772302815,1650.5591938237958,-537.5594713623959,-24.567199207025357,53755.41413147512,0.0,0.0,141043.54761285594,980.2496781058144,-165055.91938237956,16.974019442045595,-52775.1644533693,-7222.253473707869,4019.517439099065,0.7286209541069923
Bouchra,Crypto,Options ,ETH,,,,-845091.9718992392,,,,4940.886008420552,0.0,0.0,-139196.50109177845,15290.139614422878,-167696.56561758733,,10349.253606002327,-4036.2146543290405,-896.5748155391993,
Bouchra,Crypto,Options ,ETH,2024JUL26,,1000.0,116214.46705240705,2.691178688733885,-8.51034080217471,-75.97487831076751,-8509.958050661662,0.0,0.0,-133808.43855975306,34490.08104397266,2691.178688733885,3.3338613152750938,43000.039094634325,212.4432055785234,-3166.8012255273024,0.7331776622176364
Bouchra,Crypto,Options ,ETH,2024JUL26,ETHUSD-2024JUL26-C-3900=GALAXY_HK,1000.0,116214.46705240705,2.691178688733885,-8.51034080217471,-75.97487831076751,-8509.958050661662,0.0,0.0,-133808.43855975306,34490.08104397266,2691.178688733885,3.3338613152750938,43000.039094634325,212.4432055785234,-3166.8012255273024,0.7331776622176364
Bouchra,Crypto,Options ,ETH,2024SEP27,,-750.0,-961306.4389516463,227.18365907509497,-17.934883046381856,-7.316820217335339,13450.844059082214,0.0,0.0,-5388.062532025389,-19199.941429549785,-170387.74430632123,36.76951679920671,-32650.785488632,-4248.657859907564,2270.226409988103,0.699548183113494
Bouchra,Crypto,Options ,ETH,2024SEP27,ETHUSD-2024SEP27-C-4100=GALAXY_HK,-750.0,-961306.4389516463,227.18365907509497,-17.934883046381856,-7.316820217335339,13450.844059082214,0.0,0.0,-5388.062532025389,-19199.941429549785,-170387.74430632123,36.76951679920671,-32650.785488632,-4248.657859907564,2270.226409988103,0.699548183113494
Bouchra,Crypto,RelativeValue,,,,,1523503.1829834685,,,,135363.32825349612,4260.702522500011,5184.90566252498,115161.03336441565,134439.12511347115,1523503.1829834685,,0.0,0.0,0.0,
Bouchra,Crypto,RelativeValue,ALT,,,0.0,0.0,0.147198,-0.003348999999999991,-2.2245544580762093,1100.3267587799346,273901.033668,-5131.378575220006,40893.25425261998,280132.73900199996,0.0,0.0,0.0,0.0,0.0,0.0
Bouchra,Crypto,RelativeValue,ALT,,,0.0,0.0,0.147198,-0.003348999999999991,-2.2245544580762093,1100.3267587799346,273901.033668,-5131.378575220006,40893.25425261998,280132.73900199996,0.0,0.0,0.0,0.0,0.0,0.0
Bouchra,Crypto,RelativeValue,ALT,,ALT,0.0,0.0,0.147198,-0.003348999999999991,-2.2245544580762093,1100.3267587799346,273901.033668,-5131.378575220006,40893.25425261998,280132.73900199996,0.0,0.0,0.0,0.0,0.0,0.0
Bouchra,Crypto,RelativeValue,ARKM,,,-414974.0,-605862.04,1.46,-0.09000000000000008,-5.806451612903231,36466.62626760002,-132678.96,7297.806267600012,54031.49657226002,-103510.13999999998,-605862.04,0.0,0.0,0.0,0.0,0.0
Bouchra,Crypto,RelativeValue,ARKM,,,-414974.0,-605862.04,1.46,-0.09000000000000008,-5.806451612903231,36466.62626760002,-132678.96,7297.806267600012,54031.49657226002,-103510.13999999998,-605862.04,0.0,0.0,0.0,0.0,0.0
Bouchra,Crypto,RelativeValue,ARKM,,ARKM,-414974.0,-605862.04,1.46,-0.09000000000000008,-5.806451612903231,36466.62626760002,-132678.96,7297.806267600012,54031.49657226002,-103510.13999999998,-605862.04,0.0,0.0,0.0,0.0,0.0
Bouchra,Crypto,RelativeValue,ETH,,,1155.94832382,4029499.3009263687,3485.881866769182,-2.5610844265470405,-0.07341626228025833,-2960.4812500288244,0.0,0.0,28547.490826548776,-2960.4812500288244,4029499.3009263687,0.0,0.0,0.0,0.0,0.0
Bouchra,Crypto,RelativeValue,ETH,,,1155.94832382,4029499.3009263687,3485.881866769182,-2.5610844265470405,-0.07341626228025833,-2960.4812500288244,0.0,0.0,28547.490826548776,-2960.4812500288244,4029499.3009263687,0.0,0.0,0.0,0.0,0.0
Bouchra,Crypto,RelativeValue,ETH,,ETH,1155.94832382,4029499.3009263687,3485.881866769182,-2.5610844265470405,-0.07341626228025833,-2960.4812500288244,0.0,0.0,28547.490826548776,-2960.4812500288244,4029499.3009263687,0.0,0.0,0.0,0.0,0.0
Bouchra,Crypto,RelativeValue,ETHFI,,,-136706.93000000002,-336299.0478,2.46,-0.10000000000000009,-3.9062500000000036,13670.693000000058,0.0,0.0,-74219.55857434998,13670.693000000058,-336299.0478,0.0,0.0,0.0,0.0,0.0
Bouchra,Crypto,RelativeValue,ETHFI,,,-136706.93000000002,-336299.0478,2.46,-0.10000000000000009,-3.9062500000000036,13670.693000000058,0.0,0.0,-74219.55857434998,13670.693000000058,-336299.0478,0.0,0.0,0.0,0.0,0.0
Bouchra,Crypto,RelativeValue,ETHFI,,ETHFI,-136706.93000000002,-336299.0478,2.46,-0.10000000000000009,-3.9062500000000036,13670.693000000058,0.0,0.0,-74219.55857434998,13670.693000000058,-336299.0478,0.0,0.0,0.0,0.0,0.0
Bouchra,Crypto,RelativeValue,SEI,,,-1524778.0,-584005.22178,0.38301,-0.02947299999999997,-7.145264168462694,44939.78199399996,0.0,0.0,-64110.41934572003,44939.78199399996,-584005.22178,0.0,0.0,0.0,0.0,0.0
Bouchra,Crypto,RelativeValue,SEI,,,-1524778.0,-584005.22178,0.38301,-0.02947299999999997,-7.145264168462694,44939.78199399996,0.0,0.0,-64110.41934572003,44939.78199399996,-584005.22178,0.0,0.0,0.0,0.0,0.0
Bouchra,Crypto,RelativeValue,SEI,,SEI,-1524778.0,-584005.22178,0.38301,-0.02947299999999997,-7.145264168462694,44939.78199399996,0.0,0.0,-64110.41934572003,44939.78199399996,-584005.22178,0.0,0.0,0.0,0.0,0.0
Bouchra,Crypto,RelativeValue,STRK,,,-1015445.3,-590575.8783629001,0.581593,-0.01403500000000002,-2.3563365053355483,13965.101483144943,-136961.37114550002,3018.4779701449734,69344.6742980569,-126014.74763250005,-590575.8783629001,0.0,0.0,0.0,0.0,0.0
Bouchra,Crypto,RelativeValue,STRK,,,-1015445.3,-590575.8783629001,0.581593,-0.01403500000000002,-2.3563365053355483,13965.101483144943,-136961.37114550002,3018.4779701449734,69344.6742980569,-126014.74763250005,-590575.8783629001,0.0,0.0,0.0,0.0,0.0
Bouchra,Crypto,RelativeValue,STRK,,STRK,-1015445.3,-590575.8783629001,0.581593,-0.01403500000000002,-2.3563365053355483,13965.101483144943,-136961.37114550002,3018.4779701449734,69344.6742980569,-126014.74763250005,-590575.8783629001,0.0,0.0,0.0,0.0,0.0
Bouchra,Crypto,RelativeValue,WLD,,,-176133.0,-389253.93,2.21,-0.16000000000000014,-6.7510548523206815,28181.280000000028,0.0,0.0,60674.09533499999,28181.280000000028,-389253.93,0.0,0.0,0.0,0.0,0.0
Bouchra,Crypto,RelativeValue,WLD,,,-176133.0,-389253.93,2.21,-0.16000000000000014,-6.7510548523206815,28181.280000000028,0.0,0.0,60674.09533499999,28181.280000000028,-389253.93,0.0,0.0,0.0,0.0,0.0
Bouchra,Crypto,RelativeValue,WLD,,WLD,-176133.0,-389253.93,2.21,-0.16000000000000014,-6.7510548523206815,28181.280000000028,0.0,0.0,60674.09533499999,28181.280000000028,-389253.93,0.0,0.0,0.0,0.0,0.0
Bouchra,Equities,,,,,0.0,906851.8858928785,1.2819360263208013,-154.86564094311848,-99.18567249003456,-12721.852203150844,0.0,0.0,-49217.68385236645,-12721.852203150844,67858.97481582258,16.615949184910928,-0.0001176836406102666,2285.08118771878,-0.1761543578724467,0.47010317566801496
Bouchra,Equities,E_CRYPTO_OPTIONS ,,,,0.0,906851.8858928785,1.2819360263208013,-154.86564094311848,-99.18567249003456,-12721.852203150844,0.0,0.0,-49217.68385236645,-12721.852203150844,67858.97481582258,16.615949184910928,-0.0001176836406102666,2285.08118771878,-0.1761543578724467,0.47010317566801496
Bouchra,Equities,E_CRYPTO_OPTIONS ,NVDA,,,0.0,906851.8858928785,1.2819360263208013,-154.86564094311848,-99.18567249003456,-12721.852203150844,0.0,0.0,-49217.68385236645,-12721.852203150844,67858.97481582258,16.615949184910928,-0.0001176836406102666,2285.08118771878,-0.1761543578724467,0.47010317566801496
Bouchra,Equities,E_CRYPTO_OPTIONS ,NVDA,2024AUG16,,0.0,906851.8858928785,1.2819360263208013,-154.86564094311848,-99.18567249003456,-12721.852203150844,0.0,0.0,-49217.68385236645,-12721.852203150844,67858.97481582258,16.615949184910928,-0.0001176836406102666,2285.08118771878,-0.1761543578724467,0.47010317566801496
Bouchra,Equities,E_CRYPTO_OPTIONS ,NVDA,2024AUG16,NVDA/16Aug2024/C135.0,530.0,1533009.0245529017,1.9221150340172408,-230.21996037955824,-99.17200919712944,-21203.224024741958,0.0,0.0,-177697.92405554693,-21203.224024741958,101872.09680291376,23.594663982763553,-0.0017064127888488656,5131.882710499392,-0.26658985517999945,0.4681092521564362
Bouchra,Equities,E_CRYPTO_OPTIONS ,NVDA,2024AUG16,NVDA/16Aug2024/C145.0,-530.0,-626157.1386600232,0.6417570186243616,-79.51132150667873,-99.19933578293968,8481.371821591114,0.0,0.0,128480.24020318048,8481.371821591114,-34013.12198709117,9.637234387058305,0.001588729148238599,-2846.801522780612,0.09043549730755274,0.47209709917959375
CryptoHedges,,,,,,,55296250.46393859,,,,408260.2463937843,21893239.805855352,-472136.84981268784,-58266997.14760529,22773636.90206182,12474917.130794289,,0.004087397087459976,13101.021883095498,-8.308354034581509,
CryptoHedges,Crypto,,,,,-8500000.0,-9182420.400005024,1.0802847529417676,-0.0034088447081541684,-0.31455798166073207,32547.43890661793,0.0,0.0,-86672.48816168727,32547.43890661793,-9182420.400005024,0.0,0.0,0.0,0.0,0.0
CryptoHedges,Crypto,E_CRYPTO_EQUITY ,,,,-8500000.0,-9182420.400005024,1.0802847529417676,-0.0034088447081541684,-0.31455798166073207,32547.43890661793,0.0,0.0,-86672.48816168727,32547.43890661793,-9182420.400005024,0.0,0.0,0.0,0.0,0.0
CryptoHedges,Crypto,E_CRYPTO_EQUITY ,BTC,,,-8500000.0,-9182420.400005024,1.0802847529417676,-0.0034088447081541684,-0.31455798166073207,32547.43890661793,0.0,0.0,-86672.48816168727,32547.43890661793,-9182420.400005024,0.0,0.0,0.0,0.0,0.0
CryptoHedges,Crypto,E_CRYPTO_EQUITY ,BTC,2024SEP18,,-8500000.0,-9182420.400005024,1.0802847529417676,-0.0034088447081541684,-0.31455798166073207,32547.43890661793,0.0,0.0,-86672.48816168727,32547.43890661793,-9182420.400005024,0.0,0.0,0.0,0.0,0.0
CryptoHedges,Crypto,E_CRYPTO_EQUITY ,BTC,2024SEP18,USD/EUR/18Sep2024,-8500000.0,-9182420.400005024,1.0802847529417676,-0.0034088447081541684,-0.31455798166073207,32547.43890661793,0.0,0.0,-86672.48816168727,32547.43890661793,-9182420.400005024,0.0,0.0,0.0,0.0,0.0
CryptoHedges,Equities,,,,,,64478670.8639436,,,,375712.8074871659,21893239.805855352,-472136.84981268784,-58180324.65944361,22741089.463155203,21657337.5307993,,0.004087397087459976,13101.021883095498,-8.308354034581509,
CryptoHedges,Equities,E_MSTR_EQUITY ,,,,-89000.0,-153177329.39728776,1721.0935887335734,-78.2894743694992,-4.350906484275083,6967763.218885423,0.0,0.0,-138831698.97672862,6967763.218885423,-153177329.39728776,0.0,0.0,0.0,0.0,0.0
CryptoHedges,Equities,E_MSTR_EQUITY ,MSTR,,,-89000.0,-153177329.39728776,1721.0935887335734,-78.2894743694992,-4.350906484275083,6967763.218885423,0.0,0.0,-138831698.97672862,6967763.218885423,-153177329.39728776,0.0,0.0,0.0,0.0,0.0
CryptoHedges,Equities,E_MSTR_EQUITY ,MSTR,,,-89000.0,-153177329.39728776,1721.0935887335734,-78.2894743694992,-4.350906484275083,6967763.218885423,0.0,0.0,-138831698.97672862,6967763.218885423,-153177329.39728776,0.0,0.0,0.0,0.0,0.0
CryptoHedges,Equities,E_MSTR_EQUITY ,MSTR,,MSTR,-89000.0,-153177329.39728776,1721.0935887335734,-78.2894743694992,-4.350906484275083,6967763.218885423,0.0,0.0,-138831698.97672862,6967763.218885423,-153177329.39728776,0.0,0.0,0.0,0.0,0.0
CryptoHedges,Equities,E_MSTR_OPTIONS ,,,,-165.0,46917351.11297088,59.00799394769209,-8764.983509547112,-99.26623846115423,-873595.933174919,21893239.805855352,-472136.84981268784,1213110.6428434416,21491780.722493116,4096017.7798265824,17.350565286078904,0.004087397087459976,13101.021883095498,-8.308354034581509,0.9086970113653497
CryptoHedges,Equities,E_MSTR_OPTIONS ,MSTR,,,-165.0,46917351.11297088,59.00799394769209,-8764.983509547112,-99.26623846115423,-873595.933174919,21893239.805855352,-472136.84981268784,1213110.6428434416,21491780.722493116,4096017.7798265824,17.350565286078904,0.004087397087459976,13101.021883095498,-8.308354034581509,0.9086970113653497
CryptoHedges,Equities,E_MSTR_OPTIONS ,MSTR,2024AUG02,,135.0,43014857.473023295,77.15696428517624,-11436.724976232339,-99.22320507708595,-963113.2580329641,21893239.805855352,-472136.84981268784,298485.37571339833,21402263.397635072,4232850.267883771,25.652486163193867,0.006938449814697378,19763.037285104445,-9.202341729615924,0.9334283424998063
CryptoHedges,Equities,E_MSTR_OPTIONS ,MSTR,2024AUG02,MSTR/02Aug2024/C1700.0,600.0,58611621.592747726,118.87999999999998,-17979.009822932552,-99.34312783886348,-3728736.042612726,0.0,0.0,-569754.148853194,-3728736.042612726,7132799.999999999,56.73582185071925,-0.006821210263296962,67215.50535164056,-18.674876335825275,0.9418433138036107
CryptoHedges,Equities,E_MSTR_OPTIONS ,MSTR,2024AUG02,MSTR/02Aug2024/C1800.0,-300.0,-21893239.805855352,77.20000000000024,-13114.617287668669,-99.41478874125883,2812773.2224138896,21893239.805855352,-472136.84981268784,241877.849712688,25178149.87808193,-2316000.0000000075,42.385142045405516,0.013642420526593924,-33471.89307623921,6.063679564199731,0.9551844425103532
CryptoHedges,Equities,E_MSTR_OPTIONS ,MSTR,2024AUG02,MSTR/02Aug2024/P1555.0,-165.0,6296475.68613093,35.39089285552853,-3216.547818095792,-98.91169865113555,-47150.437834127806,0.0,0.0,626361.6748539043,-47150.437834127806,-583949.7321162208,-22.16350540654316,0.00011723955140041653,-13980.574990296902,3.4088550420096198,0.9032572711854548
CryptoHedges,Equities,E_MSTR_OPTIONS ,MSTR,2024JUL26,,-300.0,3902493.639947584,4.56108293523963,-749.7591094914335,-99.39533861335907,89517.32485804509,0.0,0.0,914625.2671300431,89517.32485804509,-136832.4880571889,-7.555197345265984,-0.002851052727237402,-6662.015402008948,0.893987695034415,0.8345030179619801
CryptoHedges,Equities,E_MSTR_OPTIONS ,MSTR,2024JUL26,MSTR/26Jul2024/P1550.0,-300.0,3902493.639947584,4.56108293523963,-749.7591094914335,-99.39533861335907,89517.32485804509,0.0,0.0,914625.2671300431,89517.32485804509,-136832.4880571889,-7.555197345265984,-0.002851052727237402,-6662.015402008948,0.893987695034415,0.8345030179619801
CryptoHedges,Equities,MSTRspread,,,,2590.0991114999974,170738649.14826047,65919.7358086351,-2207.8129955851764,-3.2407051689615605,-5718454.478223338,0.0,0.0,79438263.67444158,-5718454.478223338,170738649.14826047,0.0,0.0,0.0,0.0,0.0
CryptoHedges,Equities,MSTRspread,BTC,,,2590.0991114999974,170738649.14826047,65919.7358086351,-2207.8129955851764,-3.2407051689615605,-5718454.478223338,0.0,0.0,79438263.67444158,-5718454.478223338,170738649.14826047,0.0,0.0,0.0,0.0,0.0
CryptoHedges,Equities,MSTRspread,BTC,,,2590.0991114999974,170738649.14826047,65919.7358086351,-2207.8129955851764,-3.2407051689615605,-5718454.478223338,0.0,0.0,79438263.67444158,-5718454.478223338,170738649.14826047,0.0,0.0,0.0,0.0,0.0
CryptoHedges,Equities,MSTRspread,BTC,,BTC,2590.0991114999974,170738649.14826047,65919.7358086351,-2207.8129955851764,-3.2407051689615605,-5718454.478223338,0.0,0.0,79438263.67444158,-5718454.478223338,170738649.14826047,0.0,0.0,0.0,0.0,0.0
Eduardo,,,,,,,501487.9097976396,,,,-5311.4803543344315,0.0,0.0,317852.81196784973,-5311.4803543344315,501487.9097976396,,0.0,0.0,0.0,
Eduardo,Crypto,,,,,,501487.9097976396,,,,-5311.4803543344315,0.0,0.0,317852.81196784973,-5311.4803543344315,501487.9097976396,,0.0,0.0,0.0,
Eduardo,Crypto,Core,,,,,501487.9097976396,,,,-5311.4803543344315,0.0,0.0,317852.81196784973,-5311.4803543344315,501487.9097976396,,0.0,0.0,0.0,
Eduardo,Crypto,Core,BTC,,,2.2890980000000027,150896.73540007585,65919.7358086351,-2207.8129955851764,-3.2407051689615605,-5053.90031256841,0.0,0.0,285677.62694941426,-5053.90031256841,150896.73540007585,0.0,0.0,0.0,0.0,0.0
Eduardo,Crypto,Core,BTC,,,2.2890980000000027,150896.73540007585,65919.7358086351,-2207.8129955851764,-3.2407051689615605,-5053.90031256841,0.0,0.0,285677.62694941426,-5053.90031256841,150896.73540007585,0.0,0.0,0.0,0.0,0.0
Eduardo,Crypto,Core,BTC,,BTC,2.2890980000000027,150896.73540007585,65919.7358086351,-2207.8129955851764,-3.2407051689615605,-5053.90031256841,0.0,0.0,285677.62694941426,-5053.90031256841,150896.73540007585,0.0,0.0,0.0,0.0,0.0
Eduardo,Crypto,Core,ETH,,,100.5746,350591.17439756374,3485.881866769182,-2.5610844265470405,-0.07341626228025833,-257.58004176602117,0.0,0.0,32175.18501843547,-257.58004176602117,350591.17439756374,0.0,0.0,0.0,0.0,0.0
Eduardo,Crypto,Core,ETH,,,100.5746,350591.17439756374,3485.881866769182,-2.5610844265470405,-0.07341626228025833,-257.58004176602117,0.0,0.0,32175.18501843547,-257.58004176602117,350591.17439756374,0.0,0.0,0.0,0.0,0.0
Eduardo,Crypto,Core,ETH,,ETH,100.5746,350591.17439756374,3485.881866769182,-2.5610844265470405,-0.07341626228025833,-257.58004176602117,0.0,0.0,32175.18501843547,-257.58004176602117,350591.17439756374,0.0,0.0,0.0,0.0,0.0
Felman,,,,,,,22855511.436347507,,,,239322.685740177,18942700.712450784,226354.95854648098,2331590.8585107164,18955668.43964448,23086541.648723107,,0.5049161089232257,-871.9357204801104,0.18645847063177845,
Felman,Crypto,,,,,,22855511.436347507,,,,239322.685740177,18942700.712450784,226354.95854648098,2331590.8585107164,18955668.43964448,23086541.648723107,,0.5049161089232257,-871.9357204801104,0.18645847063177845,
Felman,Crypto,Core,,,,,19711616.500979736,,,,221110.94214248672,18942700.712450784,226354.95854648098,1588164.0743037723,18937456.69604679,19711616.500979736,,0.0,0.0,0.0,
Felman,Crypto,Core,ALT,,,0.0,1.1641532182693481e-10,0.147198,-0.003348999999999991,-2.2245544580762093,-5869.408160880055,494163.11613599997,-17112.44322888006,164193.25568185997,505406.151204,1.1641532182693481e-10,0.0,0.0,0.0,0.0,0.0
Felman,Crypto,Core,ALT,,,0.0,1.1641532182693481e-10,0.147198,-0.003348999999999991,-2.2245544580762093,-5869.408160880055,494163.11613599997,-17112.44322888006,164193.25568185997,505406.151204,1.1641532182693481e-10,0.0,0.0,0.0,0.0,0.0
Felman,Crypto,Core,ALT,,ALT,0.0,1.1641532182693481e-10,0.147198,-0.003348999999999991,-2.2245544580762093,-5869.408160880055,494163.11613599997,-17112.44322888006,164193.25568185997,505406.151204,1.1641532182693481e-10,0.0,0.0,0.0,0.0,0.0
Felman,Crypto,Core,ARKM,,,-483787.0,-706329.0199999999,1.46,-0.09000000000000008,-5.806451612903231,43540.83000000012,0.0,0.0,25459.933644260047,43540.83000000012,-706329.0199999999,0.0,0.0,0.0,0.0,0.0
Felman,Crypto,Core,ARKM,,,-483787.0,-706329.0199999999,1.46,-0.09000000000000008,-5.806451612903231,43540.83000000012,0.0,0.0,25459.933644260047,43540.83000000012,-706329.0199999999,0.0,0.0,0.0,0.0,0.0
Felman,Crypto,Core,ARKM,,ARKM,-483787.0,-706329.0199999999,1.46,-0.09000000000000008,-5.806451612903231,43540.83000000012,0.0,0.0,25459.933644260047,43540.83000000012,-706329.0199999999,0.0,0.0,0.0,0.0,0.0
Felman,Crypto,Core,ASTR,,,19730087.230039,1448326.5132954728,0.073407,-0.004282999999999995,-5.5129360278028,-84503.96360625693,0.0,0.0,-52123.404834727175,-84503.96360625693,1448326.5132954728,0.0,0.0,0.0,0.0,0.0
Felman,Crypto,Core,ASTR,,,19730087.230039,1448326.5132954728,0.073407,-0.004282999999999995,-5.5129360278028,-84503.96360625693,0.0,0.0,-52123.404834727175,-84503.96360625693,1448326.5132954728,0.0,0.0,0.0,0.0,0.0
Felman,Crypto,Core,ASTR,,ASTR,19730087.230039,1448326.5132954728,0.073407,-0.004282999999999995,-5.5129360278028,-84503.96360625693,0.0,0.0,-52123.404834727175,-84503.96360625693,1448326.5132954728,0.0,0.0,0.0,0.0,0.0
Felman,Crypto,Core,ETH,,,3565.134865869998,12427638.981522813,3485.881866769182,-2.5610844265470405,-0.07341626228025833,122641.63649937254,12427638.981487952,122641.63649940048,425588.6243154586,12427638.981487922,12427638.981522813,0.0,0.0,0.0,0.0,0.0
Felman,Crypto,Core,ETH,,,3565.134865869998,12427638.981522813,3485.881866769182,-2.5610844265470405,-0.07341626228025833,122641.63649937254,12427638.981487952,122641.63649940048,425588.6243154586,12427638.981487922,12427638.981522813,0.0,0.0,0.0,0.0,0.0
Felman,Crypto,Core,ETH,,ETH,3565.134865869998,12427638.981522813,3485.881866769182,-2.5610844265470405,-0.07341626228025833,122641.63649937254,12427638.981487952,122641.63649940048,425588.6243154586,12427638.981487922,12427638.981522813,0.0,0.0,0.0,0.0,0.0
Felman,Crypto,Core,ETHFI,,,-219398.90000000002,-539721.294,2.46,-0.10000000000000009,-3.9062500000000036,21939.889999999956,0.0,0.0,-39929.12537054805,21939.889999999956,-539721.294,0.0,0.0,0.0,0.0,0.0
Felman,Crypto,Core,ETHFI,,,-219398.90000000002,-539721.294,2.46,-0.10000000000000009,-3.9062500000000036,21939.889999999956,0.0,0.0,-39929.12537054805,21939.889999999956,-539721.294,0.0,0.0,0.0,0.0,0.0
Felman,Crypto,Core,ETHFI,,ETHFI,-219398.90000000002,-539721.294,2.46,-0.10000000000000009,-3.9062500000000036,21939.889999999956,0.0,0.0,-39929.12537054805,21939.889999999956,-539721.294,0.0,0.0,0.0,0.0,0.0
Felman,Crypto,Core,ILV,,,6578.286,457717.13988,69.58,-3.049999999999997,-4.199366652898248,-20063.77230000001,0.0,0.0,-42232.59612,-20063.77230000001,457717.13988,0.0,0.0,0.0,0.0,0.0
Felman,Crypto,Core,ILV,,,6578.286,457717.13988,69.58,-3.049999999999997,-4.199366652898248,-20063.77230000001,0.0,0.0,-42232.59612,-20063.77230000001,457717.13988,0.0,0.0,0.0,0.0,0.0
Felman,Crypto,Core,ILV,,ILV,6578.286,457717.13988,69.58,-3.049999999999997,-4.199366652898248,-20063.77230000001,0.0,0.0,-42232.59612,-20063.77230000001,457717.13988,0.0,0.0,0.0,0.0,0.0
Felman,Crypto,Core,JTO,,,420627.944,1043157.30112,2.48,-0.2200000000000002,-8.148148148148154,-92538.14768000005,0.0,0.0,42846.76075324399,-92538.14768000005,1043157.30112,0.0,0.0,0.0,0.0,0.0
Felman,Crypto,Core,JTO,,,420627.944,1043157.30112,2.48,-0.2200000000000002,-8.148148148148154,-92538.14768000005,0.0,0.0,42846.76075324399,-92538.14768000005,1043157.30112,0.0,0.0,0.0,0.0,0.0
Felman,Crypto,Core,JTO,,JTO,420627.944,1043157.30112,2.48,-0.2200000000000002,-8.148148148148154,-92538.14768000005,0.0,0.0,42846.76075324399,-92538.14768000005,1043157.30112,0.0,0.0,0.0,0.0,0.0
Felman,Crypto,Core,MKR,,,358.168,1011074.3175104961,2822.905221880503,73.46312740624808,2.671928517930675,10895.335842446075,1011074.3175104961,10895.335842446075,10895.335842446075,1011074.3175104961,1011074.3175104961,0.0,0.0,0.0,0.0,0.0
Felman,Crypto,Core,MKR,,,358.168,1011074.3175104961,2822.905221880503,73.46312740624808,2.671928517930675,10895.335842446075,1011074.3175104961,10895.335842446075,10895.335842446075,1011074.3175104961,1011074.3175104961,0.0,0.0,0.0,0.0,0.0
Felman,Crypto,Core,MKR,,MKR,358.168,1011074.3175104961,2822.905221880503,73.46312740624808,2.671928517930675,10895.335842446075,1011074.3175104961,10895.335842446075,10895.335842446075,1011074.3175104961,1011074.3175104961,0.0,0.0,0.0,0.0,0.0
Felman,Crypto,Core,PENDLE,,,219225.3,916361.754,4.18,0.019999999999999574,0.48076923076922046,3880.7128431589736,916361.754,3880.7128431589736,3880.7128431589736,916361.754,916361.754,0.0,0.0,0.0,0.0,0.0
Felman,Crypto,Core,PENDLE,,,219225.3,916361.754,4.18,0.019999999999999574,0.48076923076922046,3880.7128431589736,916361.754,3880.7128431589736,3880.7128431589736,916361.754,916361.754,0.0,0.0,0.0,0.0,0.0
Felman,Crypto,Core,PENDLE,,PENDLE,219225.3,916361.754,4.18,0.019999999999999574,0.48076923076922046,3880.7128431589736,916361.754,3880.7128431589736,3880.7128431589736,916361.754,916361.754,0.0,0.0,0.0,0.0,0.0
Felman,Crypto,Core,PEPE,,,330599595284.2,4089278.6313573522,1.2369279e-05,1.666389999999994e-07,1.3655979361842963,105993.35090364577,4093462.5433163354,106049.7165903555,524974.8083952267,4093406.1776296264,4089278.6313573522,0.0,0.0,0.0,0.0,0.0
Felman,Crypto,Core,PEPE,,,330599595284.2,4089278.6313573522,1.2369279e-05,1.666389999999994e-07,1.3655979361842963,105993.35090364577,4093462.5433163354,106049.7165903555,524974.8083952267,4093406.1776296264,4089278.6313573522,0.0,0.0,0.0,0.0,0.0
Felman,Crypto,Core,PEPE,,PEPE,330599595284.2,4089278.6313573522,1.2369279e-05,1.666389999999994e-07,1.3655979361842963,105993.35090364577,4093462.5433163354,106049.7165903555,524974.8083952267,4093406.1776296264,4089278.6313573522,0.0,0.0,0.0,0.0,0.0
Felman,Crypto,Core,STRK,,,-1172304.7999999996,-681804.2655464002,0.581593,-0.01403500000000002,-2.3563365053355483,16453.29786799998,0.0,0.0,211758.522632214,16453.29786799998,-681804.2655464002,0.0,0.0,0.0,0.0,0.0
Felman,Crypto,Core,STRK,,,-1172304.7999999996,-681804.2655464002,0.581593,-0.01403500000000002,-2.3563365053355483,16453.29786799998,0.0,0.0,211758.522632214,16453.29786799998,-681804.2655464002,0.0,0.0,0.0,0.0,0.0
Felman,Crypto,Core,STRK,,STRK,-1172304.7999999996,-681804.2655464002,0.581593,-0.01403500000000002,-2.3563365053355483,16453.29786799998,0.0,0.0,211758.522632214,16453.29786799998,-681804.2655464002,0.0,0.0,0.0,0.0,0.0
Felman,Crypto,Core,TON,,,378044.0286000001,2589601.5959099997,6.85,-0.16999999999999993,-2.421652421652421,-64267.484861999896,0.0,0.0,-98721.20677375112,-64267.484861999896,2589601.5959099997,0.0,0.0,0.0,0.0,0.0
Felman,Crypto,Core,TON,,,378044.0286000001,2589601.5959099997,6.85,-0.16999999999999993,-2.421652421652421,-64267.484861999896,0.0,0.0,-98721.20677375112,-64267.484861999896,2589601.5959099997,0.0,0.0,0.0,0.0,0.0
Felman,Crypto,Core,TON,,TON,378044.0286000001,2589601.5959099997,6.85,-0.16999999999999993,-2.421652421652421,-64267.484861999896,0.0,0.0,-98721.20677375112,-64267.484861999896,2589601.5959099997,0.0,0.0,0.0,0.0,0.0
Felman,Crypto,Core,WLD,,,-875218.0,-1934231.7799999998,2.21,-0.16000000000000014,-6.7510548523206815,140034.88000000024,0.0,0.0,340579.2351008601,140034.88000000024,-1934231.7799999998,0.0,0.0,0.0,0.0,0.0
Felman,Crypto,Core,WLD,,,-875218.0,-1934231.7799999998,2.21,-0.16000000000000014,-6.7510548523206815,140034.88000000024,0.0,0.0,340579.2351008601,140034.88000000024,-1934231.7799999998,0.0,0.0,0.0,0.0,0.0
Felman,Crypto,Core,WLD,,WLD,-875218.0,-1934231.7799999998,2.21,-0.16000000000000014,-6.7510548523206815,140034.88000000024,0.0,0.0,340579.2351008601,140034.88000000024,-1934231.7799999998,0.0,0.0,0.0,0.0,0.0
Felman,Crypto,Core,XAI,,,-1184521.0,-409453.3740700001,0.34567,-0.019394999999999996,-5.312752523523208,22973.784795,0.0,0.0,70993.21819407001,22973.784795,-409453.3740700001,0.0,0.0,0.0,0.0,0.0
Felman,Crypto,Core,XAI,,,-1184521.0,-409453.3740700001,0.34567,-0.019394999999999996,-5.312752523523208,22973.784795,0.0,0.0,70993.21819407001,22973.784795,-409453.3740700001,0.0,0.0,0.0,0.0,0.0
Felman,Crypto,Core,XAI,,XAI,-1184521.0,-409453.3740700001,0.34567,-0.019394999999999996,-5.312752523523208,22973.784795,0.0,0.0,70993.21819407001,22973.784795,-409453.3740700001,0.0,0.0,0.0,0.0,0.0
Felman,Crypto,E_CRYPTO_EQUITY ,,,,,3143894.935367775,,,,18211.743597690296,0.0,0.0,743426.7842069443,18211.743597690296,3374925.1477433736,,0.5049161089232257,-871.9357204801104,0.18645847063177845,
Felman,Crypto,E_CRYPTO_EQUITY ,BTC,,,,3143894.935367775,,,,18211.743597690296,0.0,0.0,743426.7842069443,18211.743597690296,3374925.1477433736,,0.5049161089232257,-871.9357204801104,0.18645847063177845,
Felman,Crypto,E_CRYPTO_EQUITY ,BTC,,,,3426453.3610534174,,,,5497.377265025891,0.0,0.0,722934.7544534177,5497.377265025891,3426453.3610534174,,0.0,0.0,0.0,
Felman,Crypto,E_CRYPTO_EQUITY ,BTC,,FIP,200000.0,2033200.9266534369,10.166004633267185,0.27988866457151396,2.831128680442145,55977.73291430282,0.0,0.0,155210.95005343712,55977.73291430282,2033200.9266534369,0.0,0.0,0.0,0.0,0.0
Felman,Crypto,E_CRYPTO_EQUITY ,BTC,,WULF,252500.0,1393252.4343999806,5.5178314233662595,-0.19992220059119603,-3.4965165297350285,-50480.35564927693,0.0,0.0,567723.8043999806,-50480.35564927693,1393252.4343999806,0.0,0.0,0.0,0.0,0.0
Felman,Crypto,E_CRYPTO_EQUITY ,BTC,2024AUG16,,-1800.0,-282558.4256856422,0.28626785172246466,-35.39280802557632,-99.197659006901,12714.366332664405,0.0,0.0,20492.029753526593,12714.366332664405,-51528.21331004365,28.437844775125026,0.5049161089232257,-871.9357204801104,0.18645847063177845,1.311127280615833
Felman,Crypto,E_CRYPTO_EQUITY ,BTC,2024AUG16,WULF/16Aug2024/C7.0,-1800.0,-282558.4256856422,0.28626785172246466,-35.39280802557632,-99.197659006901,12714.366332664405,0.0,0.0,20492.029753526593,12714.366332664405,-51528.21331004365,28.437844775125026,0.5049161089232257,-871.9357204801104,0.18645847063177845,1.311127280615833
Lending,,,,,,,282708923.86359626,,,,-12051610.391046628,0.0,0.0,28178223.039096236,-12051610.391046628,282708923.86359626,,0.0,0.0,0.0,
Lending,Crypto,,,,,,282708923.86359626,,,,-12051610.391046628,0.0,0.0,28178223.039096236,-12051610.391046628,282708923.86359626,,0.0,0.0,0.0,
Lending,Crypto,E_CRYPTO_EQUITY ,,,,,282708923.86359626,,,,-12051610.391046628,0.0,0.0,28178223.039096236,-12051610.391046628,282708923.86359626,,0.0,0.0,0.0,
Lending,Crypto,E_CRYPTO_EQUITY ,BTC,,,,282708923.86359626,,,,-12051610.391046628,0.0,0.0,28178223.039096236,-12051610.391046628,282708923.86359626,,0.0,0.0,0.0,
Lending,Crypto,E_CRYPTO_EQUITY ,BTC,,,,282708923.86359626,,,,-12051610.391046628,0.0,0.0,28178223.039096236,-12051610.391046628,282708923.86359626,,0.0,0.0,0.0,
Lending,Crypto,E_CRYPTO_EQUITY ,BTC,,ARKB,1275000.0,83492436.43016717,65.48426386679778,-2.798909219309536,-4.098973572566729,-3568609.2546196617,0.0,0.0,12028979.93016716,-3568609.2546196617,83492436.43016717,0.0,0.0,0.0,0.0,0.0
Lending,Crypto,E_CRYPTO_EQUITY ,BTC,,IBIT,5337300.0,199216487.4334291,37.32533067907539,-1.5893806112504336,-4.084266742704969,-8483001.136426967,0.0,0.0,16149243.108929077,-8483001.136426967,199216487.4334291,0.0,0.0,0.0,0.0,0.0
Novo,,,,,,,951598079.8976068,,,,-29600152.796674423,-23402153.71249562,260699.4966778549,344195128.0570733,-50443043.11335104,945625926.0014966,,2819962.892496858,38307.33373198648,-179427.52982470172,
Novo,Crypto,,,,,,951598079.8976068,,,,-29600152.796674423,-23402153.71249562,260699.4966778549,344195128.0570733,-50443043.11335104,945625926.0014966,,2819962.892496858,38307.33373198648,-179427.52982470172,
Novo,Crypto,AssetMgmt,,,,,84130578.24519315,,,,-3020659.205061011,0.0,0.0,49800423.024293154,-3020659.205061011,84130578.24519315,,0.0,0.0,0.0,
Novo,Crypto,AssetMgmt,BGCI,,,11392.0,29665311.307885777,2604.0476920545802,-121.52230794541993,-4.45860161160491,-1384382.1321142241,0.0,0.0,16810280.03748578,-1384382.1321142241,29665311.307885777,0.0,0.0,0.0,0.0,0.0
Novo,Crypto,AssetMgmt,BGCI,,,11392.0,29665311.307885777,2604.0476920545802,-121.52230794541993,-4.45860161160491,-1384382.1321142241,0.0,0.0,16810280.03748578,-1384382.1321142241,29665311.307885777,0.0,0.0,0.0,0.0,0.0
Novo,Crypto,AssetMgmt,BGCI,,BGCI,11392.0,29665311.307885777,2604.0476920545802,-121.52230794541993,-4.45860161160491,-1384382.1321142241,0.0,0.0,16810280.03748578,-1384382.1321142241,29665311.307885777,0.0,0.0,0.0,0.0,0.0
Novo,Crypto,AssetMgmt,GDAM1,,,17105.0,54465266.93730737,3184.172285139279,-95.6607467376084,-2.9166346520653965,-1636277.0729467869,0.0,0.0,32990142.986807372,-1636277.0729467869,54465266.93730737,0.0,0.0,0.0,0.0,0.0
Novo,Crypto,AssetMgmt,GDAM1,,,17105.0,54465266.93730737,3184.172285139279,-95.6607467376084,-2.9166346520653965,-1636277.0729467869,0.0,0.0,32990142.986807372,-1636277.0729467869,54465266.93730737,0.0,0.0,0.0,0.0,0.0
Novo,Crypto,AssetMgmt,GDAM1,,GDAM1,17105.0,54465266.93730737,3184.172285139279,-95.6607467376084,-2.9166346520653965,-1636277.0729467869,0.0,0.0,32990142.986807372,-1636277.0729467869,54465266.93730737,0.0,0.0,0.0,0.0,0.0
Novo,Crypto,Core,,,,,547824502.245836,,,,-11496340.529194817,-4980359.344575301,19009.567186815548,242479627.1874637,-16495709.440956935,547824502.245836,,0.0,0.0,0.0,
Novo,Crypto,Core,BTC,,,,401887072.4836625,,,,-13460179.876371492,0.0,0.0,117248557.4956979,-13460179.876371492,401887072.4836625,,0.0,0.0,0.0,
Novo,Crypto,Core,BTC,,,,401887072.4836625,,,,-13460179.876371492,0.0,0.0,117248557.4956979,-13460179.876371492,401887072.4836625,,0.0,0.0,0.0,
Novo,Crypto,Core,BTC,,BTC,4681.737305157601,308618886.28141993,65919.7358086351,-2207.8129955851764,-3.2407051689615605,-10336400.46424291,0.0,0.0,84122109.04313643,-10336400.46424291,308618886.28141993,0.0,0.0,0.0,0.0,0.0
Novo,Crypto,Core,BTC,,BTC_MT_GOX,11319.0,93268186.20224258,8239.966976079388,-275.97662444814705,-3.2407051689615605,-3123779.4121285826,0.0,0.0,33126448.452561468,-3123779.4121285826,93268186.20224258,0.0,0.0,0.0,0.0,0.0
Novo,Crypto,Core,DOGE,,,37478153.249699995,4917938.576760904,0.131221475722,-0.01017675043500002,-7.197226380831944,-381405.8123868819,0.0,0.0,-1082051.8945871873,-381405.8123868819,4917938.576760904,0.0,0.0,0.0,0.0,0.0
Novo,Crypto,Core,DOGE,,,37478153.249699995,4917938.576760904,0.131221475722,-0.01017675043500002,-7.197226380831944,-381405.8123868819,0.0,0.0,-1082051.8945871873,-381405.8123868819,4917938.576760904,0.0,0.0,0.0,0.0,0.0
Novo,Crypto,Core,DOGE,,DOGE,37478153.249699995,4917938.576760904,0.131221475722,-0.01017675043500002,-7.197226380831944,-381405.8123868819,0.0,0.0,-1082051.8945871873,-381405.8123868819,4917938.576760904,0.0,0.0,0.0,0.0,0.0
Novo,Crypto,Core,ETH,,,54054.995153660064,188429327.4144396,3485.881866769182,-2.5610844265470405,-0.07341626228025833,-138439.40626510602,0.0,0.0,118346117.35860977,-138439.40626510602,188429327.4144396,0.0,0.0,0.0,0.0,0.0
Novo,Crypto,Core,ETH,,,54054.995153660064,188429327.4144396,3485.881866769182,-2.5610844265470405,-0.07341626228025833,-138439.40626510602,0.0,0.0,118346117.35860977,-138439.40626510602,188429327.4144396,0.0,0.0,0.0,0.0,0.0
Novo,Crypto,Core,ETH,,ETH,54054.995153660064,188429327.4144396,3485.881866769182,-2.5610844265470405,-0.07341626228025833,-138439.40626510602,0.0,0.0,118346117.35860977,-138439.40626510602,188429327.4144396,0.0,0.0,0.0,0.0,0.0
Novo,Crypto,Core,MKR,,,1842.256,5200514.082440688,2822.905221880503,73.46312740624808,2.671928517930675,135337.88724292463,0.0,0.0,169749.39784068815,135337.88724292463,5200514.082440688,0.0,0.0,0.0,0.0,0.0
Novo,Crypto,Core,MKR,,,1842.256,5200514.082440688,2822.905221880503,73.46312740624808,2.671928517930675,135337.88724292463,0.0,0.0,169749.39784068815,135337.88724292463,5200514.082440688,0.0,0.0,0.0,0.0,0.0
Novo,Crypto,Core,MKR,,MKR,1842.256,5200514.082440688,2822.905221880503,73.46312740624808,2.671928517930675,135337.88724292463,0.0,0.0,169749.39784068815,135337.88724292463,5200514.082440688,0.0,0.0,0.0,0.0,0.0
Novo,Crypto,Core,SOL,,,-302209.9539704741,-52610350.31146774,174.08543173468,-8.513620272894002,-4.662466852533751,2348346.6785857375,-4980359.344575301,19009.567186815548,7797254.8299025595,-2651022.233176381,-52610350.31146774,0.0,0.0,0.0,0.0,0.0
Novo,Crypto,Core,SOL,,,-302209.9539704741,-52610350.31146774,174.08543173468,-8.513620272894002,-4.662466852533751,2348346.6785857375,-4980359.344575301,19009.567186815548,7797254.8299025595,-2651022.233176381,-52610350.31146774,0.0,0.0,0.0,0.0,0.0
Novo,Crypto,Core,SOL,,SOL,-302209.9539704741,-52610350.31146774,174.08543173468,-8.513620272894002,-4.662466852533751,2348346.6785857375,-4980359.344575301,19009.567186815548,7797254.8299025595,-2651022.233176381,-52610350.31146774,0.0,0.0,0.0,0.0,0.0
Novo,Crypto,ETF ,,,,,204486308.2280686,,,,-8650205.477616813,0.0,0.0,9529672.02543449,-8650205.477616813,204486308.2280686,,0.0,0.0,0.0,
Novo,Crypto,ETF ,BTC,,,,204486308.2280686,,,,-8650205.477616813,0.0,0.0,9529672.02543449,-8650205.477616813,204486308.2280686,,0.0,0.0,0.0,
Novo,Crypto,ETF ,BTC,,,,204486308.2280686,,,,-8650205.477616813,0.0,0.0,9529672.02543449,-8650205.477616813,204486308.2280686,,0.0,0.0,0.0,
Novo,Crypto,ETF ,BTC,,ARKB,1575000.0,103137715.5902065,65.48426386679778,-2.798909219309536,-4.098973572566729,-4408282.020412512,0.0,0.0,2510944.0902064973,-4408282.020412512,103137715.5902065,0.0,0.0,0.0,0.0,0.0
Novo,Crypto,ETF ,BTC,,BTCO,725000.0,47534068.51765941,65.56423243815091,-2.698948502418091,-3.9537397250325,-1956737.6642531157,0.0,0.0,5663719.517659411,-1956737.6642531157,47534068.51765941,0.0,0.0,0.0,0.0,0.0
Novo,Crypto,ETF ,BTC,,GBTC,452797.0,26297170.58366794,58.07717494521371,-2.459041744797389,-4.062100143108461,-1113446.724919023,0.0,0.0,1918578.9626638335,-1113446.724919023,26297170.58366794,0.0,0.0,0.0,0.0,0.0
Novo,Crypto,ETF ,BTC,,IBIT,737230.0,27517353.536534734,37.32533067907539,-1.5893806112504336,-4.084266742704969,-1171739.0680321618,0.0,0.0,-563570.5450952519,-1171739.0680321618,27517353.536534734,0.0,0.0,0.0,0.0,0.0
Novo,Crypto,Locked,,,,,106584279.18924426,,,,-5212487.173885527,0.0,0.0,37849927.96616154,-5212487.173885527,106584279.18924426,,0.0,0.0,0.0,
Novo,Crypto,Locked,FTX_SOL,,,1027652.27800943,98394609.76971947,95.746987454074,-4.682491150091693,-4.6624668525337425,-4811972.697150731,0.0,0.0,36046947.595317185,-4811972.697150731,98394609.76971947,0.0,0.0,0.0,0.0,0.0
Novo,Crypto,Locked,FTX_SOL,,,1027652.27800943,98394609.76971947,95.746987454074,-4.682491150091693,-4.6624668525337425,-4811972.697150731,0.0,0.0,36046947.595317185,-4811972.697150731,98394609.76971947,0.0,0.0,0.0,0.0,0.0
Novo,Crypto,Locked,FTX_SOL,,FTX_SOL,1027652.27800943,98394609.76971947,95.746987454074,-4.682491150091693,-4.6624668525337425,-4811972.697150731,0.0,0.0,36046947.595317185,-4811972.697150731,98394609.76971947,0.0,0.0,0.0,0.0,0.0
Novo,Crypto,Locked,SOL,,,47043.96765380399,8189669.41952479,174.08543173468,-8.513620272894002,-4.662466852533751,-400514.4767347956,0.0,0.0,1802980.3708443597,-400514.4767347956,8189669.41952479,0.0,0.0,0.0,0.0,0.0
Novo,Crypto,Locked,SOL,,,47043.96765380399,8189669.41952479,174.08543173468,-8.513620272894002,-4.662466852533751,-400514.4767347956,0.0,0.0,1802980.3708443597,-400514.4767347956,8189669.41952479,0.0,0.0,0.0,0.0,0.0
Novo,Crypto,Locked,SOL,,SOL,47043.96765380399,8189669.41952479,174.08543173468,-8.513620272894002,-4.662466852533751,-400514.4767347956,0.0,0.0,1802980.3708443597,-400514.4767347956,8189669.41952479,0.0,0.0,0.0,0.0,0.0
Novo,Crypto,Options ,,,,,8884879.587116625,,,,-1294006.6113891618,-18421794.36792032,241689.92949103937,2979839.8081455254,-17137528.016303662,2912725.6910065357,,2819962.892496858,38307.33373198648,-179427.52982470172,
Novo,Crypto,Options ,BTC,,,,8884879.587116625,,,,-1294006.6113891618,-18421794.36792032,241689.92949103937,2979839.8081455254,-17137528.016303662,2912725.6910065357,,2819962.892496858,38307.33373198648,-179427.52982470172,
Novo,Crypto,Options ,BTC,2024AUG02,,1050.0,23000710.860966027,1540.28939898924,-1163.6290477563598,-43.03491657290508,-1221783.624805799,0.0,0.0,-293984.25572291925,998412.8356745436,1617303.868938702,33.230471339868835,2220196.4604803426,40662.109322271455,-150424.45609727036,0.6998627730964114
Novo,Crypto,Options ,BTC,2024AUG02,BTCUSD-2024AUG02-C-70000=GALAXY_HK,1050.0,23000710.860966027,1540.28939898924,-1163.6290477563598,-43.03491657290508,-1221783.624805799,0.0,0.0,-293984.25572291925,998412.8356745436,1617303.868938702,33.230471339868835,2220196.4604803426,40662.109322271455,-150424.45609727036,0.6998627730964114
Novo,Crypto,Options ,BTC,2024AUG30,,,2827882.3787706513,,,,-99303.81486403383,0.0,0.0,324634.992201034,-98458.70061410917,624634.9878645889,,845.1142499246635,-468.7722659138162,846.0566862830165,
Novo,Crypto,Options ,BTC,2024AUG30,BTCUSD-2024AUG30-C-66000=GALAXY_HK,500.0,18563946.429472137,5763.692950462759,-1689.2640604776716,-22.665689041248292,-844626.9610122112,0.0,0.0,2031851.5444580042,-213127.7624176495,2881846.4752313793,56.322878730470784,631499.1985945617,42134.70869164816,-35631.0927001387,0.6335438530798122
Novo,Crypto,Options ,BTC,2024AUG30,BTCUSD-2024AUG30-C-69000=GALAXY_HK,-500.0,-15736064.050701486,4514.422974733581,-1490.656422076714,-24.823259170703103,745323.1461481773,0.0,0.0,-1707216.5522569702,114669.06180354033,-2257211.4873667904,47.74310411796327,-630654.084344637,-42603.48095756197,36477.14938642172,0.6414508165338334
Novo,Crypto,Options ,BTC,2024DEC27,,,-18421794.36792032,,,,241689.92949103937,-18421794.36792032,241689.92949103937,3796689.9294910394,-18417598.93367348,639690.7405925356,,4195.434246838035,-4405.5768710968405,2257.4095522311636,
Novo,Crypto,Options ,BTC,2024DEC27,BTCUSD-2024DEC27-C-100000=GALAXY_HK,-500.0,-9756278.695321452,4883.334300519178,-1030.824116048887,-17.42976842083079,60330.86112101516,-9756278.695321452,60330.86112101516,3615330.861121015,-9985596.19517843,-2441667.1502595893,29.60047875083697,-229317.49985698023,-78681.91897279255,18079.494523324785,0.7190220623463689
Novo,Crypto,Options ,BTC,2024DEC27,BTCUSD-2024DEC27-P-58000=GALAXY_HK,500.0,-8665515.672598869,6162.71578170425,6162.71578170425,inf,181359.0683700242,-8665515.672598869,181359.0683700242,181359.0683700242,-8432002.73849505,3081357.890852125,-26.29111165662086,233512.93410381826,74276.34210169571,-15822.084971093622,0.6665673519211045
Novo,Crypto,Options ,BTC,2024JUL26,,460.0,1478080.7153002687,67.60020350154218,-466.5481516870227,-87.34430185080735,-214609.10121036833,0.0,0.0,-847500.8578236285,380116.78230938397,31096.093610709402,4.874441480822833,594725.8835197523,2519.5735467256823,-32106.539965945536,0.6267356871950402
Novo,Crypto,Options ,BTC,2024JUL26,BTCUSD-2024JUL26-C-72000=GALAXY_HK,460.0,1478080.7153002687,67.60020350154218,-466.5481516870227,-87.34430185080735,-214609.10121036833,0.0,0.0,-847500.8578236285,380116.78230938397,31096.093610709402,4.874441480822833,594725.8835197523,2519.5735467256823,-32106.539965945536,0.6267356871950402
Novo,Crypto,SpecialSits,,,,,-312467.59785188455,,,,73546.20047290623,0.0,0.0,1555638.045574842,73546.20047290623,-312467.59785188455,,0.0,0.0,0.0,
Novo,Crypto,SpecialSits,SKL,,,-30279769.08417,-1464319.1717649987,0.048359654517,-0.002500170729000002,-4.915806762817445,75704.59234512108,0.0,0.0,630870.5267027349,75704.59234512108,-1464319.1717649987,0.0,0.0,0.0,0.0,0.0
Novo,Crypto,SpecialSits,SKL,,,-30279769.08417,-1464319.1717649987,0.048359654517,-0.002500170729000002,-4.915806762817445,75704.59234512108,0.0,0.0,630870.5267027349,75704.59234512108,-1464319.1717649987,0.0,0.0,0.0,0.0,0.0
Novo,Crypto,SpecialSits,SKL,,SKL,-30279769.08417,-1464319.1717649987,0.048359654517,-0.002500170729000002,-4.915806762817445,75704.59234512108,0.0,0.0,630870.5267027349,75704.59234512108,-1464319.1717649987,0.0,0.0,0.0,0.0,0.0
Novo,Crypto,SpecialSits,VEE,,,78629940.7,1151851.5739131141,0.01464902,-2.7450000000000044e-05,-0.18703407563262858,-2158.391872214852,0.0,0.0,924767.5188721071,-2158.391872214852,1151851.5739131141,0.0,0.0,0.0,0.0,0.0
Novo,Crypto,SpecialSits,VEE,,,78629940.7,1151851.5739131141,0.01464902,-2.7450000000000044e-05,-0.18703407563262858,-2158.391872214852,0.0,0.0,924767.5188721071,-2158.391872214852,1151851.5739131141,0.0,0.0,0.0,0.0,0.0
Novo,Crypto,SpecialSits,VEE,,VEE,78629940.7,1151851.5739131141,0.01464902,-2.7450000000000044e-05,-0.18703407563262858,-2158.391872214852,0.0,0.0,924767.5188721071,-2158.391872214852,1151851.5739131141,0.0,0.0,0.0,0.0,0.0
Other,,,,,,,-27136900.812344525,,,,-32838.90311523203,0.0,0.0,-145921.2742881269,-32838.90311523203,-28170946.642034106,,-0.8188832945066338,2858.5701662886954,-0.48075602326543565,
Other,Crypto,,,,,,-28368157.003213834,,,,42354.02300648973,0.0,0.0,-105789.16059299067,42354.02300648973,-28368157.003213834,,0.0,0.0,0.0,
Other,Crypto,,,,,-8356.33431923,-29129194.27606485,3485.881866769182,-2.5610844265470405,-0.07341626228025833,21401.27768800166,0.0,0.0,-185039.39344416815,21401.27768800166,-29129194.27606485,0.0,0.0,0.0,0.0,0.0
Other,Crypto,,ETH,,,-8356.33431923,-29129194.27606485,3485.881866769182,-2.5610844265470405,-0.07341626228025833,21401.27768800166,0.0,0.0,-185039.39344416815,21401.27768800166,-29129194.27606485,0.0,0.0,0.0,0.0,0.0
Other,Crypto,,ETH,,,-8356.33431923,-29129194.27606485,3485.881866769182,-2.5610844265470405,-0.07341626228025833,21401.27768800166,0.0,0.0,-185039.39344416815,21401.27768800166,-29129194.27606485,0.0,0.0,0.0,0.0,0.0
Other,Crypto,,ETH,,ETH,-8356.33431923,-29129194.27606485,3485.881866769182,-2.5610844265470405,-0.07341626228025833,21401.27768800166,0.0,0.0,-185039.39344416815,21401.27768800166,-29129194.27606485,0.0,0.0,0.0,0.0,0.0
Other,Crypto,E_CRYPTO_EQUITY ,,,,74861.0,761037.2728510149,10.166004633267185,0.27988866457151396,2.831128680442145,20952.745318488072,0.0,0.0,79250.23285117748,20952.745318488072,761037.2728510149,0.0,0.0,0.0,0.0,0.0
Other,Crypto,E_CRYPTO_EQUITY ,BTC,,,74861.0,761037.2728510149,10.166004633267185,0.27988866457151396,2.831128680442145,20952.745318488072,0.0,0.0,79250.23285117748,20952.745318488072,761037.2728510149,0.0,0.0,0.0,0.0,0.0
Other,Crypto,E_CRYPTO_EQUITY ,BTC,,,74861.0,761037.2728510149,10.166004633267185,0.27988866457151396,2.831128680442145,20952.745318488072,0.0,0.0,79250.23285117748,20952.745318488072,761037.2728510149,0.0,0.0,0.0,0.0,0.0
Other,Crypto,E_CRYPTO_EQUITY ,BTC,,FIP,74861.0,761037.2728510149,10.166004633267185,0.27988866457151396,2.831128680442145,20952.745318488072,0.0,0.0,79250.23285117748,20952.745318488072,761037.2728510149,0.0,0.0,0.0,0.0,0.0
Other,Equities,,,,,,1231256.190869313,,,,-75192.92612172177,0.0,0.0,-40132.11369513624,-75192.92612172177,197210.36117972597,,-0.8188832945066338,2858.570166288695,-0.48075602326543565,
Other,Equities,E_CRYPTO_OPTIONS ,,,,,1231256.190869313,,,,-75192.92612172177,0.0,0.0,-40132.11369513624,-75192.92612172177,197210.36117972597,,-0.8188832945066338,2858.570166288695,-0.48075602326543565,
Other,Equities,E_CRYPTO_OPTIONS ,FIP,,,700.0,342250.73740631115,1.1190777845381357,-100.75381131598486,-98.90149597756682,6993.648156161022,0.0,0.0,28304.670526527123,6993.648156161022,78335.44491766949,48.075675994705875,-0.8672129681031038,1819.0231095625008,-0.16966577978378972,0.5458883038481969
Other,Equities,E_CRYPTO_OPTIONS ,FIP,2024DEC20,,700.0,342250.73740631115,1.1190777845381357,-100.75381131598486,-98.90149597756682,6993.648156161022,0.0,0.0,28304.670526527123,6993.648156161022,78335.44491766949,48.075675994705875,-0.8672129681031038,1819.0231095625008,-0.16966577978378972,0.5458883038481969
Other,Equities,E_CRYPTO_OPTIONS ,FIP,2024DEC20,FIP/20Dec2024/C11.0,700.0,342250.73740631115,1.1190777845381357,-100.75381131598486,-98.90149597756682,6993.648156161022,0.0,0.0,28304.670526527123,6993.648156161022,78335.44491766949,48.075675994705875,-0.8672129681031038,1819.0231095625008,-0.16966577978378972,0.5458883038481969
Other,Equities,E_CRYPTO_OPTIONS ,MARA,,,0.0,158389.28940440473,0.32510578729161316,-88.14193023808474,-99.64136092485994,-25199.301660995494,0.0,0.0,-30119.128884555197,-25199.301660995494,18888.291455877996,13.906914538702111,-0.00179134485023269,286.7874807418874,-0.049701402124910365,1.401693125515929
Other,Equities,E_CRYPTO_OPTIONS ,MARA,2024AUG02,,0.0,158389.28940440473,0.32510578729161316,-88.14193023808474,-99.64136092485994,-25199.301660995494,0.0,0.0,-30119.128884555197,-25199.301660995494,18888.291455877996,13.906914538702111,-0.00179134485023269,286.7874807418874,-0.049701402124910365,1.401693125515929
Other,Equities,E_CRYPTO_OPTIONS ,MARA,2024AUG02,MARA/02Aug2024/C27.0,700.0,289953.93453623285,0.4600221548335988,-119.4928515680001,-99.61649759563366,-51778.11127497138,0.0,0.0,-72664.0996689878,-51778.11127497138,32201.55083835192,19.132559190777492,-0.00420052881366928,683.1687031262079,-0.08459076536942445,1.3456680637857268
Other,Equities,E_CRYPTO_OPTIONS ,MARA,2024AUG02,MARA/02Aug2024/C31.0,-700.0,-131564.64513182812,0.1901894197496275,-56.79100890816936,-99.66622425408622,26578.809613975885,0.0,0.0,42544.9707844326,26578.809613975885,-13313.259382473925,8.681269886626731,0.0024091839634365897,-396.3812223843205,0.03488936324451408,1.4577181872461311
Other,Equities,E_CRYPTO_OPTIONS ,RIOT,,,,730616.164058597,,,,-56987.27261688729,0.0,0.0,-38317.65533710817,-56987.27261688729,99986.6248061785,,0.05012101844670269,752.7595759843074,-0.26138884135673557,
Other,Equities,E_CRYPTO_OPTIONS ,RIOT,2024AUG02,,,730616.164058597,,,,-56987.27261688729,0.0,0.0,-38317.65533710817,-56987.27261688729,99986.6248061785,,0.05012101844670269,752.7595759843074,-0.26138884135673557,
Other,Equities,E_CRYPTO_OPTIONS ,RIOT,2024AUG02,RIOT/02Aug2024/C12.0,1000.0,545494.212243159,0.7300000000000004,-113.22523003669201,-99.35939754606703,-40983.908377074855,0.0,0.0,-7894.678340382845,-40983.908377074855,73000.00000000004,47.065937208210435,0.0,762.9564545497125,-0.19112634204132561,1.174163267401387
Other,Equities,E_CRYPTO_OPTIONS ,RIOT,2024AUG02,RIOT/02Aug2024/C13.0,2000.0,745789.207696522,0.44000000000000017,-71.5317242337002,-99.38864879967129,-55978.01961745096,0.0,0.0,-69034.57115005057,-55978.01961745096,88000.00000000003,32.17382259260233,0.0003552713678800501,1374.6376055623343,-0.2303988780778532,1.2143723804071198
Other,Equities,E_CRYPTO_OPTIONS ,RIOT,2024AUG02,RIOT/02Aug2024/C14.0,-1000.0,-258508.40595892363,0.29000070365457403,-48.69075606650239,-99.40792931188179,19992.079197700496,0.0,0.0,4612.322427543531,19992.079197700496,-29000.070365457403,22.30443537177943,0.0016153745008296028,-572.2633585086845,0.07595411107796934,1.30146710833798
Other,Equities,E_CRYPTO_OPTIONS ,RIOT,2024AUG02,RIOT/02Aug2024/C15.5,-2000.0,-302158.8499221604,0.16006652414182085,-25.831585702936334,-99.38416179647454,19982.576179938027,0.0,0.0,33999.27172578171,19982.576179938027,-32013.30482836417,13.035325708462482,0.04815037257799304,-812.5711256190549,0.0841822676844739,1.4073220241677193
Placeholder,,,,,,,-3224820.161713779,,,,-116595.9277535246,-2229573.1417840286,-4802.193630588707,704965.1675620952,-2341366.8759069657,-3224820.161713779,,0.0,0.0,0.0,
Placeholder,Placeholder,,,,,,-3224820.161713779,,,,-116595.9277535246,-2229573.1417840286,-4802.193630588707,704965.1675620952,-2341366.8759069657,-3224820.161713779,,0.0,0.0,0.0,
Placeholder,Placeholder,Placeholder ,,,,,-3224820.161713779,,,,-116595.9277535246,-2229573.1417840286,-4802.193630588707,704965.1675620952,-2341366.8759069657,-3224820.161713779,,0.0,0.0,0.0,
Placeholder,Placeholder,Placeholder ,BTC,,,-11.766688650000003,-775657.0071504653,65919.7358086351,-2207.8129955851764,-3.2407051689615605,-53497.39692833099,-2229573.1417840286,-4802.193630588707,393939.0081147938,-2278268.345081772,-775657.0071504653,0.0,0.0,0.0,0.0,0.0
Placeholder,Placeholder,Placeholder ,BTC,,,-11.766688650000003,-775657.0071504653,65919.7358086351,-2207.8129955851764,-3.2407051689615605,-53497.39692833099,-2229573.1417840286,-4802.193630588707,393939.0081147938,-2278268.345081772,-775657.0071504653,0.0,0.0,0.0,0.0,0.0
Placeholder,Placeholder,Placeholder ,BTC,,BTC,-11.766688650000003,-775657.0071504653,65919.7358086351,-2207.8129955851764,-3.2407051689615605,-53497.39692833099,-2229573.1417840286,-4802.193630588707,393939.0081147938,-2278268.345081772,-775657.0071504653,0.0,0.0,0.0,0.0,0.0
Placeholder,Placeholder,Placeholder ,ETH,,,-902.9649999999999,-3147629.3198272344,3485.881866769182,-2.5610844265470405,-0.07341626228025833,2312.5695992169794,0.0,0.0,-594394.7348238433,2312.5695992169794,-3147629.3198272344,0.0,0.0,0.0,0.0,0.0
Placeholder,Placeholder,Placeholder ,ETH,,,-902.9649999999999,-3147629.3198272344,3485.881866769182,-2.5610844265470405,-0.07341626228025833,2312.5695992169794,0.0,0.0,-594394.7348238433,2312.5695992169794,-3147629.3198272344,0.0,0.0,0.0,0.0,0.0
Placeholder,Placeholder,Placeholder ,ETH,,ETH,-902.9649999999999,-3147629.3198272344,3485.881866769182,-2.5610844265470405,-0.07341626228025833,2312.5695992169794,0.0,0.0,-594394.7348238433,2312.5695992169794,-3147629.3198272344,0.0,0.0,0.0,0.0,0.0
Placeholder,Placeholder,Placeholder ,MATIC,,,402892.7001999999,215739.56779381912,0.535476487131,-0.00444318639800001,-0.8229347097057315,-1790.1273653821436,0.0,0.0,-105100.14842528354,-1790.1273653821436,215739.56779381912,0.0,0.0,0.0,0.0,0.0
Placeholder,Placeholder,Placeholder ,MATIC,,,402892.7001999999,215739.56779381912,0.535476487131,-0.00444318639800001,-0.8229347097057315,-1790.1273653821436,0.0,0.0,-105100.14842528354,-1790.1273653821436,215739.56779381912,0.0,0.0,0.0,0.0,0.0
Placeholder,Placeholder,Placeholder ,MATIC,,MATIC,402892.7001999999,215739.56779381912,0.535476487131,-0.00444318639800001,-0.8229347097057315,-1790.1273653821436,0.0,0.0,-105100.14842528354,-1790.1273653821436,215739.56779381912,0.0,0.0,0.0,0.0,0.0
Placeholder,Placeholder,Placeholder ,SOL,,,7192.34,1252081.6140826084,174.08543173468,-8.513620272894002,-4.662466852533751,-61232.85163354647,0.0,0.0,412042.1264315209,-61232.85163354647,1252081.6140826084,0.0,0.0,0.0,0.0,0.0
Placeholder,Placeholder,Placeholder ,SOL,,,7192.34,1252081.6140826084,174.08543173468,-8.513620272894002,-4.662466852533751,-61232.85163354647,0.0,0.0,412042.1264315209,-61232.85163354647,1252081.6140826084,0.0,0.0,0.0,0.0,0.0
Placeholder,Placeholder,Placeholder ,SOL,,SOL,7192.34,1252081.6140826084,174.08543173468,-8.513620272894002,-4.662466852533751,-61232.85163354647,0.0,0.0,412042.1264315209,-61232.85163354647,1252081.6140826084,0.0,0.0,0.0,0.0,0.0
Placeholder,Placeholder,Placeholder ,USDT,,,-2511000.0,-2511755.0166125074,1.000300683637,-7.481379999951798e-07,-7.47912555386065e-05,1.8785745180211961,0.0,0.0,-1736.083735092543,1.8785745180211961,-2511755.0166125074,0.0,0.0,0.0,0.0,0.0
Placeholder,Placeholder,Placeholder ,USDT,,,-2511000.0,-2511755.0166125074,1.000300683637,-7.481379999951798e-07,-7.47912555386065e-05,1.8785745180211961,0.0,0.0,-1736.083735092543,1.8785745180211961,-2511755.0166125074,0.0,0.0,0.0,0.0,0.0
Placeholder,Placeholder,Placeholder ,USDT,,USDT,-2511000.0,-2511755.0166125074,1.000300683637,-7.481379999951798e-07,-7.47912555386065e-05,1.8785745180211961,0.0,0.0,-1736.083735092543,1.8785745180211961,-2511755.0166125074,0.0,0.0,0.0,0.0,0.0
Placeholder,Placeholder,Placeholder ,WETH,,,500.0,1742400.0,3484.8,-4.779999999999745,-0.1369792353234414,-2390.0,0.0,0.0,600215.0,-2390.0,1742400.0,0.0,0.0,0.0,0.0,0.0
Placeholder,Placeholder,Placeholder ,WETH,,,500.0,1742400.0,3484.8,-4.779999999999745,-0.1369792353234414,-2390.0,0.0,0.0,600215.0,-2390.0,1742400.0,0.0,0.0,0.0,0.0,0.0
Placeholder,Placeholder,Placeholder ,WETH,,WETH,500.0,1742400.0,3484.8,-4.779999999999745,-0.1369792353234414,-2390.0,0.0,0.0,600215.0,-2390.0,1742400.0,0.0,0.0,0.0,0.0,0.0
SP,,,,,,0.0,347669.70438856,,,,-34080.49005630031,6705.4799271193915,-18344.47558321018,109089163.17567916,-47026.19862256315,318893.980559419,,-37995.664076591696,-186.9984995312086,2828.9770520300713,
SP,SP,,,,,0.0,347669.70438856,,,,-34080.49005630031,6705.4799271193915,-18344.47558321018,109089163.17567916,-47026.19862256315,318893.980559419,,-37995.664076591696,-186.9984995312086,2828.9770520300713,
SP,SP,SP ,,,,0.0,347669.70438856,,,,-34080.49005630031,6705.4799271193915,-18344.47558321018,109089163.17567916,-47026.19862256315,318893.980559419,,-37995.664076591696,-186.9984995312086,2828.9770520300713,
SP,SP,SP ,SP,,,0.0,347669.70438856,,,,-34080.49005630031,6705.4799271193915,-18344.47558321018,109089163.17567916,-47026.19862256315,318893.980559419,,-37995.664076591696,-186.9984995312086,2828.9770520300713,
SP,SP,SP ,SP,SP,,0.0,347669.70438856,,,,-34080.49005630031,6705.4799271193915,-18344.47558321018,109089163.17567916,-47026.19862256315,318893.980559419,,-37995.664076591696,-186.9984995312086,2828.9770520300713,
SP,SP,SP ,SP,SP,SP,0.0,347669.70438856,,,,-34080.49005630031,6705.4799271193915,-18344.47558321018,109089163.17567916,-47026.19862256315,318893.980559419,,-37995.664076591696,-186.9984995312086,2828.9770520300713,
Ventures,,,,,,,77547572.13798128,,,,-10168468.318253297,0.0,0.0,-54967024.45148841,-10168468.318253297,77547572.13798128,,0.0,0.0,0.0,
Ventures,Crypto,,,,,,93803174.62158127,,,,-12605552.4618533,0.0,0.0,-69124063.01868032,-12605552.4618533,93803174.62158127,,0.0,0.0,0.0,
Ventures,Crypto,Locked ,,,,,93803174.62158127,,,,-12605552.4618533,0.0,0.0,-69124063.01868032,-12605552.4618533,93803174.62158127,,0.0,0.0,0.0,
Ventures,Crypto,Locked ,MATIC,,,4016064.0,2150507.8428132725,0.535476487131,-0.00444318639800001,-0.8229347097057315,-17844.12093829736,0.0,0.0,-1813771.3520913166,-17844.12093829736,2150507.8428132725,0.0,0.0,0.0,0.0,0.0
Ventures,Crypto,Locked ,MATIC,,,4016064.0,2150507.8428132725,0.535476487131,-0.00444318639800001,-0.8229347097057315,-17844.12093829736,0.0,0.0,-1813771.3520913166,-17844.12093829736,2150507.8428132725,0.0,0.0,0.0,0.0,0.0
Ventures,Crypto,Locked ,MATIC,,MATIC,4016064.0,2150507.8428132725,0.535476487131,-0.00444318639800001,-0.8229347097057315,-17844.12093829736,0.0,0.0,-1813771.3520913166,-17844.12093829736,2150507.8428132725,0.0,0.0,0.0,0.0,0.0
Ventures,Crypto,Locked ,PYTH,,,41666667.0,14012666.778768,0.336304,-0.022745000000000015,-6.334789959030665,-947708.3409150019,0.0,0.0,9708.333410998806,-947708.3409150019,14012666.778768,0.0,0.0,0.0,0.0,0.0
Ventures,Crypto,Locked ,PYTH,,,41666667.0,14012666.778768,0.336304,-0.022745000000000015,-6.334789959030665,-947708.3409150019,0.0,0.0,9708.333410998806,-947708.3409150019,14012666.778768,0.0,0.0,0.0,0.0,0.0
Ventures,Crypto,Locked ,PYTH,,PYTH,41666667.0,14012666.778768,0.336304,-0.022745000000000015,-6.334789959030665,-947708.3409150019,0.0,0.0,9708.333410998806,-947708.3409150019,14012666.778768,0.0,0.0,0.0,0.0,0.0
Ventures,Crypto,Locked ,TIA,,,12000000.0,77640000.0,6.47,-0.9700000000000006,-13.037634408602159,-11640000.0,0.0,0.0,-67320000.0,-11640000.0,77640000.0,0.0,0.0,0.0,0.0,0.0
Ventures,Crypto,Locked ,TIA,,,12000000.0,77640000.0,6.47,-0.9700000000000006,-13.037634408602159,-11640000.0,0.0,0.0,-67320000.0,-11640000.0,77640000.0,0.0,0.0,0.0,0.0,0.0
Ventures,Crypto,Locked ,TIA,,TIA,12000000.0,77640000.0,6.47,-0.9700000000000006,-13.037634408602159,-11640000.0,0.0,0.0,-67320000.0,-11640000.0,77640000.0,0.0,0.0,0.0,0.0,0.0
Ventures,Perp,,,,,-1900727.0,-12297703.69,6.47,-0.9700000000000006,-13.037634408602159,1843705.1900000013,0.0,0.0,10023603.783580001,1843705.1900000013,-12297703.69,0.0,0.0,0.0,0.0,0.0
Ventures,Perp, ,,,,-1900727.0,-12297703.69,6.47,-0.9700000000000006,-13.037634408602159,1843705.1900000013,0.0,0.0,10023603.783580001,1843705.1900000013,-12297703.69,0.0,0.0,0.0,0.0,0.0
Ventures,Perp, ,TIA,,,-1900727.0,-12297703.69,6.47,-0.9700000000000006,-13.037634408602159,1843705.1900000013,0.0,0.0,10023603.783580001,1843705.1900000013,-12297703.69,0.0,0.0,0.0,0.0,0.0
Ventures,Perp, ,TIA,,,-1900727.0,-12297703.69,6.47,-0.9700000000000006,-13.037634408602159,1843705.1900000013,0.0,0.0,10023603.783580001,1843705.1900000013,-12297703.69,0.0,0.0,0.0,0.0,0.0
Ventures,Perp, ,TIA,,TIA,-1900727.0,-12297703.69,6.47,-0.9700000000000006,-13.037634408602159,1843705.1900000013,0.0,0.0,10023603.783580001,1843705.1900000013,-12297703.69,0.0,0.0,0.0,0.0,0.0
Ventures,Spot,,,,,-611730.88,-3957898.7936,6.47,-0.9700000000000006,-13.037634408602159,593378.9536000005,0.0,0.0,4133434.7836119,593378.9536000005,-3957898.7936,0.0,0.0,0.0,0.0,0.0
Ventures,Spot, ,,,,-611730.88,-3957898.7936,6.47,-0.9700000000000006,-13.037634408602159,593378.9536000005,0.0,0.0,4133434.7836119,593378.9536000005,-3957898.7936,0.0,0.0,0.0,0.0,0.0
Ventures,Spot, ,TIA,,,-611730.88,-3957898.7936,6.47,-0.9700000000000006,-13.037634408602159,593378.9536000005,0.0,0.0,4133434.7836119,593378.9536000005,-3957898.7936,0.0,0.0,0.0,0.0,0.0
Ventures,Spot, ,TIA,,,-611730.88,-3957898.7936,6.47,-0.9700000000000006,-13.037634408602159,593378.9536000005,0.0,0.0,4133434.7836119,593378.9536000005,-3957898.7936,0.0,0.0,0.0,0.0,0.0
Ventures,Spot, ,TIA,,TIA,-611730.88,-3957898.7936,6.47,-0.9700000000000006,-13.037634408602159,593378.9536000005,0.0,0.0,4133434.7836119,593378.9536000005,-3957898.7936,0.0,0.0,0.0,0.0,0.0
