,,,,, Delta ,Price,Price Change,Price Change (%),Period PnL,Traded Delta,Traded PnL,YTD PnL,Period Delta Change,Mkt Value,%Delta,$Gamma,$Vega,$Theta,ImpliedVol,,,,,
Pod(L2),Book(L3),Underlier,Desk Strategy,Ticker,,,,,,,,,,,,,,,,,,,,
,,,,," $1,435,933,033 ",,,,7138045.919,7988415.424,-12932.46674,406788142.8,19400938.56,1350031122,,4261545.258,44471.44276,-280269.7224,,,,,,
Beimnet,,,,," $13,933,395 ",,,,-162177.3925,7988415.424,-12924.89702,-3302381.13,8235100.818,-3771899.668,,395937.8897,18776.62086,-41567.63667,,,,,,
Beimnet,Crypto,,,," $14,680,884 ",,,,-133584.892,7988415.424,-12924.89702,-743060.6933,8263693.319,-3024410.014,,395937.8897,18776.62086,-41567.63667,,,,,,
Beimnet,Crypto,AKT,,," $582,513 ",3.66,0.14,3.977272727,22281.92803,0,0,-1651225.934,22281.92803,582513.2614,0,0,0,0,0,,,,,
Beimnet,Crypto,AKT,Core,," $582,513 ",3.66,0.14,3.977272727,22281.92803,0,0,-1807423.845,22281.92803,582513.2614,0,0,0,0,0,,,,,
Beimnet,Crypto,AKT,Core,AKT," $582,513 ",3.66,0.14,3.977272727,22281.92803,0,0,-1807423.845,22281.92803,582513.2614,0,0,0,0,0,,,,,
Beimnet,Crypto,AKT,StratOps,, $-   ,3.66,0.14,3.977272727,0,0,0,156197.9112,0,0,0,0,0,0,0,,,,,
Beimnet,Crypto,AKT,StratOps,AKT, $-   ,3.66,0.14,3.977272727,0,0,0,156197.9112,0,0,0,0,0,0,0,,,,,
Beimnet,Crypto,AVAX,,," $(36,280,663)",32.25572087,0.010779634,0.033430465,-12124.74088,0,0,-6792924.724,-12124.74088,-36280662.59,0,0,0,0,0,,,,,
Beimnet,Crypto,AVAX,Core,," $(2,304,796)",32.25572087,0.010779634,0.033430465,-770.2466612,0,0,-286236.6652,-770.2466612,-2304796.408,0,0,0,0,0,,,,,
Beimnet,Crypto,AVAX,Core,AVAX," $(2,304,796)",32.25572087,0.010779634,0.033430465,-770.2466612,0,0,-286236.6652,-770.2466612,-2304796.408,0,0,0,0,0,,,,,
Beimnet,Crypto,AVAX,SpecialSits,," $(33,975,866)",32.25572087,0.010779634,0.033430465,-11354.49421,0,0,-6506688.058,-11354.49421,-33975866.18,0,0,0,0,0,,,,,
Beimnet,Crypto,AVAX,SpecialSits,AVAX," $(33,975,866)",32.25572087,0.010779634,0.033430465,-11354.49421,0,0,-6506688.058,-11354.49421,-33975866.18,0,0,0,0,0,,,,,
Beimnet,Crypto,BTC,,," $36,202,613 ",,,,-144478.8572,7988415.424,-12924.89702,1430439.957,8252799.354,18497319.18,,395937.8897,18776.62086,-41567.63667,,,,,,
Beimnet,Crypto,BTC,Core,," $16,329,545 ",67810.73776,4.536508514,0.006690404,-12366.87912,7988415.424,-12924.89702,364008.4414,7988973.442,16329544.91,0,0,0,0,0,,,,,
Beimnet,Crypto,BTC,Core,BTC," $16,329,545 ",67810.73776,4.536508514,0.006690404,-12366.87912,7988415.424,-12924.89702,364008.4414,7988973.442,16329544.91,0,0,0,0,0,,,,,
Beimnet,Crypto,BTC,Options ,," $19,873,068 ",,,,-132111.9781,0,0,1066431.515,263825.9116,2167774.266,,395937.8897,18776.62086,-41567.63667,,,,,,
Beimnet,Crypto,BTC,Options ,BTCUSD-2024AUG02-C-70000=GALAXY_HK," $14,729,964 ",2401.214138,-390.9569992,-14.0018996,-195467.4921,0,0,290468.0766,937858.8336,1200607.069,43.44434129,1133326.326,23062.89942,-72844.99826,0.681167816,,,,,
Beimnet,Crypto,BTC,Options ,BTCUSD-2024JUL26-C-63000=GALAXY_HK," $23,962,288 ",5213.294044,-262.6951358,-4.797217948,-105070.2741,0,0,1765325.398,707728.3193,2085317.618,88.34252844,812798.5934,5423.328473,-45954.00819,0.641090697,,,,,
Beimnet,Crypto,BTC,Options ,BTCUSD-2024JUL26-C-66000=GALAXY_HK," $(18,819,184)",2795.376053,-421.0933154,-13.0917869,168425.7882,0,0,-989361.9591,-1381761.241,-1118150.421,69.3812826,-1550187.029,-9709.607026,77231.36978,0.601802611,,,,,
Beimnet,Crypto,ETH,,," $(4,493,041)",3504.60697,4.048540789,0.115654141,-5190.384607,0,0,318957.2624,-5190.384607,-4493040.584,0,0,0,0,0,,,,,
Beimnet,Crypto,ETH,Core,," $(4,493,041)",3504.60697,4.048540789,0.115654141,-5190.384607,0,0,318957.2624,-5190.384607,-4493040.584,0,0,0,0,0,,,,,
Beimnet,Crypto,ETH,Core,ETH," $(4,493,041)",3504.60697,4.048540789,0.115654141,-5190.384607,0,0,318957.2624,-5190.384607,-4493040.584,0,0,0,0,0,,,,,
Beimnet,Crypto,LEO,,," $229,604 ",5.740102647,0.051493585,0.9052052,2059.743401,0,0,70299.28013,2059.743401,229604.1059,0,0,0,0,0,,,,,
Beimnet,Crypto,LEO,Core,," $229,604 ",5.740102647,0.051493585,0.9052052,2059.743401,0,0,70299.28013,2059.743401,229604.1059,0,0,0,0,0,,,,,
Beimnet,Crypto,LEO,Core,LEO," $229,604 ",5.740102647,0.051493585,0.9052052,2059.743401,0,0,70299.28013,2059.743401,229604.1059,0,0,0,0,0,,,,,
Beimnet,Crypto,LOCKED_AVAX,,," $20,881,439 ",20.55011977,0.006867705,0.033430465,6978.429113,0,0,5881438.593,6978.429113,20881438.59,0,0,0,0,0,,,,,
Beimnet,Crypto,LOCKED_AVAX,Locked,," $20,881,439 ",20.55011977,0.006867705,0.033430465,6978.429113,0,0,5881438.593,6978.429113,20881438.59,0,0,0,0,0,,,,,
Beimnet,Crypto,LOCKED_AVAX,Locked,LOCKED_AVAX," $20,881,439 ",20.55011977,0.006867705,0.033430465,6978.429113,0,0,5881438.593,6978.429113,20881438.59,0,0,0,0,0,,,,,
Beimnet,Crypto,SUI,,," $(1,583,574)",0.85232,0.005492,0.648537838,-10203.90259,0,0,-83574.64427,-10203.90259,-1583574.336,0,0,0,0,0,,,,,
Beimnet,Crypto,SUI,Core,," $(1,583,574)",0.85232,0.005492,0.648537838,-10203.90259,0,0,-83574.64427,-10203.90259,-1583574.336,0,0,0,0,0,,,,,
Beimnet,Crypto,SUI,Core,SUI," $(1,583,574)",0.85232,0.005492,0.648537838,-10203.90259,0,0,-83574.64427,-10203.90259,-1583574.336,0,0,0,0,0,,,,,
Beimnet,Crypto,WLD,,," $(440,781)",2.47,-0.05,-1.984126984,8922.69205,0,0,-49242.83854,8922.69205,-440780.9873,0,0,0,0,0,,,,,
Beimnet,Crypto,WLD,Core,," $(440,781)",2.47,-0.05,-1.984126984,8922.69205,0,0,-49242.83854,8922.69205,-440780.9873,0,0,0,0,0,,,,,
Beimnet,Crypto,WLD,Core,WLD," $(440,781)",2.47,-0.05,-1.984126984,8922.69205,0,0,-49242.83854,8922.69205,-440780.9873,0,0,0,0,0,,,,,
Beimnet,Crypto,XAI,,," $(417,227)",0.373265,0.001637,0.440494258,-1829.799312,0,0,132772.3549,-1829.799312,-417226.6586,0,0,0,0,0,,,,,
Beimnet,Crypto,XAI,Core,," $(417,227)",0.373265,0.001637,0.440494258,-1829.799312,0,0,132772.3549,-1829.799312,-417226.6586,0,0,0,0,0,,,,,
Beimnet,Crypto,XAI,Core,XAI," $(417,227)",0.373265,0.001637,0.440494258,-1829.799312,0,0,132772.3549,-1829.799312,-417226.6586,0,0,0,0,0,,,,,
Beimnet,StratOps,,,," $(747,490)",3.66,0.14,3.977272727,-28592.50044,0,0,-2559320.437,-28592.50044,-747489.6544,0,0,0,0,0,,,,,
Beimnet,StratOps,AKT,,," $(747,490)",3.66,0.14,3.977272727,-28592.50044,0,0,-2559320.437,-28592.50044,-747489.6544,0,0,0,0,0,,,,,
Beimnet,StratOps,AKT,,," $(747,490)",3.66,0.14,3.977272727,-28592.50044,0,0,-2559320.437,-28592.50044,-747489.6544,0,0,0,0,0,,,,,
Beimnet,StratOps,AKT,,AKT," $(747,490)",3.66,0.14,3.977272727,-28592.50044,0,0,-2559320.437,-28592.50044,-747489.6544,0,0,0,0,0,,,,,
Bouchra,,,,," $36,749,003 ",,,,-89125.27621,0,0,2684743.005,121396.82,29590881.16,,210522.4041,284.6378129,-16678.69617,,,,,,
Bouchra,Crypto,,,," $36,094,921 ",,,,-89125.31255,0,0,2747211.459,121396.7837,29536278.16,,210522.4039,-1549.509791,-16678.69624,,,,,,
Bouchra,Crypto,ALT,,," $(288,296)",0.154934,-0.001703,-1.087227156,3168.884498,0,0,31629.74705,3168.884498,-288295.9194,0,0,0,0,0,,,,,
Bouchra,Crypto,ALT,RelativeValue,," $(288,296)",0.154934,-0.001703,-1.087227156,3168.884498,0,0,31629.74705,3168.884498,-288295.9194,0,0,0,0,0,,,,,
Bouchra,Crypto,ALT,RelativeValue,ALT," $(288,296)",0.154934,-0.001703,-1.087227156,3168.884498,0,0,31629.74705,3168.884498,-288295.9194,0,0,0,0,0,,,,,
Bouchra,Crypto,ARKM,,," $(518,557)",1.6,-0.04,-2.43902439,12963.92,0,0,1359.970305,12963.92,-518556.8,0,0,0,0,0,,,,,
Bouchra,Crypto,ARKM,RelativeValue,," $(518,557)",1.6,-0.04,-2.43902439,12963.92,0,0,1359.970305,12963.92,-518556.8,0,0,0,0,0,,,,,
Bouchra,Crypto,ARKM,RelativeValue,ARKM," $(518,557)",1.6,-0.04,-2.43902439,12963.92,0,0,1359.970305,12963.92,-518556.8,0,0,0,0,0,,,,,
Bouchra,Crypto,BTC,,," $25,329,021 ",,,,-17344.61771,0,0,2083018.261,186140.9202,18146290.62,,203485.8456,2551.197404,-16609.85986,,,,,,
Bouchra,Crypto,BTC,Core,," $15,153,083 ",67810.73776,4.536508514,0.006690404,1013.734575,0,0,1599953.78,1013.734575,15153082.86,0,0,0,0,0,,,,,
Bouchra,Crypto,BTC,Core,BTC," $15,153,083 ",67810.73776,4.536508514,0.006690404,1013.734575,0,0,1599953.78,1013.734575,15153082.86,0,0,0,0,0,,,,,
Bouchra,Crypto,BTC,E_CRYPTO_EQUITY ,," $1,476,036 ",,,,5.8572025,0,0,351814.8858,5.8572025,1602336.703,,0.307679465,-461.6966726,-0.000613958,,,,,,
Bouchra,Crypto,BTC,E_CRYPTO_EQUITY ,FIP," $262,379 ",9.666201753,1.15E-06,1.19E-05,0.031266421,0,0,13424.6104,0.031266421,262379.3804,0,0,0,0,0,,,,,
Bouchra,Crypto,BTC,E_CRYPTO_EQUITY ,WULF," $1,373,482 ",5.587804323,6.66E-07,1.19E-05,0.163670923,0,0,332977.0876,0.163670923,1373482.303,0,0,0,0,0,,,,,
Bouchra,Crypto,BTC,E_CRYPTO_EQUITY ,WULF/16Aug2024/C7.0," $(159,826)",0.387572025,-38.36095328,-98.99977606,5.662265156,0,0,5413.187877,5.662265156,-33524.98015,33.05359055,0.307679465,-461.6966726,-0.000613958,1.438242251,,,,,
Bouchra,Crypto,BTC,Options ,," $8,699,902 ",,,,-18364.20949,0,0,131249.5952,185121.3285,1390871.055,,203485.5379,3012.894077,-16609.85924,,,,,,
Bouchra,Crypto,BTC,Options ,BTCUSD-2024AUG02-C-69000=GALAXY_HK," $4,911,124 ",2796.233969,-383.3043636,-12.05534652,-57493.12028,0,0,156487.6296,288769.2714,419435.0953,48.28266245,346262.3917,7007.270326,-22010.16245,0.677392085,,,,,
Bouchra,Crypto,BTC,Options ,BTCUSD-2024AUG02-C-70000=GALAXY_HK," $7,364,982 ",2401.214138,-390.9569992,-14.0018996,-97733.74607,0,0,145234.0383,468929.4168,600303.5345,43.44434129,566663.1628,11531.44971,-36422.49913,0.681167816,,,,,
Bouchra,Crypto,BTC,Options ,BTCUSD-2024AUG02-C-72000=GALAXY_HK," $(3,511,955)",1756.653128,-392.4916896,-18.26269158,58871.42264,0,0,-110050.3,-254929.1282,-263497.9692,34.52702878,-313800.5509,-6479.38074,20765.56972,0.691156458,,,,,
Bouchra,Crypto,BTC,Options ,BTCUSD-2024AUG30-C-66000=GALAXY_HK," $8,412,991 ",6935.812854,-385.1696639,-5.26117448,-77032.25841,0,0,1018789.245,174771.9137,1387162.571,62.03288314,251804.1721,17072.51373,-13645.4104,0.619953973,,,,,
Bouchra,Crypto,BTC,Options ,BTCUSD-2024AUG30-C-69000=GALAXY_HK," $(7,252,734)",5486.974169,-417.8444509,-7.076329992,83567.18231,0,0,-847521.5416,-177284.1431,-1097394.834,53.47776699,-260851.3255,-17824.67799,14358.36291,0.624818017,,,,,
Bouchra,Crypto,BTC,Options ,BTCUSD-2024DEC27-C-140000=GALAXY_HK," $1,898,916 ",2096.349247,-330.2579065,-13.60986289,-66050.93631,0,0,-211629.5057,-9235.705439,419269.8493,14.00158973,56815.23087,20990.58564,-5083.097785,0.764177159,,,,,
Bouchra,Crypto,BTC,Options ,BTCUSD-2024DEC27-C-150000=GALAXY_HK," $(1,586,417)",1714.603279,-302.2535895,-14.98636786,60450.14388,0,0,170878.7702,11099.37633,-342920.6558,11.69738879,-49350.76755,-18526.33371,4558.575493,0.776479231,,,,,
Bouchra,Crypto,BTC,Options ,BTCUSD-2024DEC27-C-85000=GALAXY_HK," $4,490,447 ",8386.174596,-445.7925032,-5.047488268,-66868.08592,0,0,717851.979,16715.84791,1257926.189,44.14686123,83583.93383,27910.94488,-6109.00693,0.690694559,,,,,
Bouchra,Crypto,BTC,Options ,BTCUSD-2024DEC27-C-95000=GALAXY_HK," $(5,391,937)",6273.222067,-445.2119773,-6.626722453,100171.5984,0,0,-857301.0616,-15691.31481,-1411474.965,35.33978063,-115862.9132,-39431.91301,8796.2097,0.703943342,,,,,
Bouchra,Crypto,BTC,Options ,BTCUSD-2024JUL26-C-71000=GALAXY_HK," $(2,573,320)",628.2841031,-412.7889942,-39.65033726,61915.3966,0,0,-28995.56799,-453606.6301,-94242.61546,25.29903873,-515522.0267,-3318.336875,27125.41672,0.618462033,,,,,
Bouchra,Crypto,BTC,Options ,BTCUSD-2024JUL26-P-60000=GALAXY_HK," $(390,353)",77.09452497,-55.94674632,-42.05217357,-8391.20033,0,0,-121035.0096,109412.1721,11564.17875,-3.837673571,117803.3724,864.5712245,-8057.835011,0.705152197,,,,,
Bouchra,Crypto,BTC,Options ,BTCUSD-2024SEP27-C-100000=GALAXY_HK," $(1,530,944)",1459.703827,-294.2865616,-16.77811712,44142.29756,0,0,41893.73931,-31491.58959,-218955.574,15.05114487,-75633.88715,-10415.34314,5592.954554,0.717238149,,,,,
Bouchra,Crypto,BTC,Options ,BTCUSD-2024SEP27-C-75000=GALAXY_HK," $4,530,862 ",5510.390364,-471.0446017,-7.875110311,-70655.55417,0,0,308159.6906,70623.64313,826558.5546,44.54419835,141279.1973,17614.08093,-8563.526175,0.649363673,,,,,
Bouchra,Crypto,BTC,Options ,BTCUSD-2024SEP27-C-85000=GALAXY_HK," $(980,037)",3144.502093,-424.309894,-11.88938772,21215.16984,0,0,-325575.4295,-18031.68725,-157225.1046,28.90505907,-39246.85709,-5077.601967,2561.670044,0.673844969,,,,,
Bouchra,Crypto,BTC,Options ,BTCUSD-2024SEP27-C-90000=GALAXY_HK," $1,571,491 ",2406.540861,-382.0972367,-13.70192988,-38209.13959,0,0,-45745.32985,30392.49373,240654.0861,23.17466117,68601.63332,9060.466611,-4666.350629,0.687895277,,,,,
Bouchra,Crypto,BTC,Options ,BTCUSD-2024SEP27-C-95000=GALAXY_HK," $(1,263,215)",1862.91286,-337.3708539,-15.33306145,33736.62038,0,0,119808.249,-25322.60806,-186291.286,18.62854138,-59059.22844,-7965.401538,4189.270123,0.702467447,,,,,
Bouchra,Crypto,DOGE,,," $894,701 ",0.140364729,-0.00055527,-0.394032382,-3539.357492,0,0,-65311.09462,-3539.357492,894700.9019,0,0,0,0,0,,,,,
Bouchra,Crypto,DOGE,Core,," $894,701 ",0.140364729,-0.00055527,-0.394032382,-3539.357492,0,0,-65311.09462,-3539.357492,894700.9019,0,0,0,0,0,,,,,
Bouchra,Crypto,DOGE,Core,DOGE," $894,701 ",0.140364729,-0.00055527,-0.394032382,-3539.357492,0,0,-65311.09462,-3539.357492,894700.9019,0,0,0,0,0,,,,,
Bouchra,Crypto,ETH,,," $7,657,395 ",,,,12092.15387,0,0,458098.0465,19128.71216,8281482.851,,7036.558296,-4100.707195,-68.83638177,,,,,,
Bouchra,Crypto,ETH,Core,," $4,407,955 ",3504.60697,4.048540789,0.115654141,5092.092991,0,0,440021.7787,5092.092991,4407954.747,0,0,0,0,0,,,,,
Bouchra,Crypto,ETH,Core,ETH," $4,407,955 ",3504.60697,4.048540789,0.115654141,5092.092991,0,0,440021.7787,5092.092991,4407954.747,0,0,0,0,0,,,,,
Bouchra,Crypto,ETH,Options ,," $(801,704)",,,,2320.156936,0,0,-32116.47435,9356.715233,-177616.4476,,7036.558296,-4100.707195,-68.83638177,,,,,,
Bouchra,Crypto,ETH,Options ,ETHUSD-2024JUL26-C-3900=GALAXY_HK," $361,292 ",13.53512658,-8.551117275,-38.7169377,-8550.427764,0,0,-122964.1839,68778.92187,13535.12658,10.30905053,77329.34964,640.7571512,-6758.854656,0.798069002,,,,,
Bouchra,Crypto,ETH,Options ,ETHUSD-2024JUL26-C-4200=GALAXY_HK," $(155,631)",3.621362539,-3.047238453,-45.69531835,4570.414648,0,0,111567.5132,-33367.47887,-5432.043809,2.960498934,-37937.89352,-360.4841785,4360.366814,0.915175399,,,,,
Bouchra,Crypto,ETH,Options ,ETHUSD-2024SEP27-C-4100=GALAXY_HK," $(1,007,365)",247.6260405,-8.400591071,-3.281139552,6300.170052,0,0,-20719.8036,-26054.72777,-185719.5303,38.32535436,-32354.89783,-4380.980168,2329.65146,0.710256157,,,,,
Bouchra,Crypto,ETH,RelativeValue,," $4,051,145 ",3504.60697,4.048540789,0.115654141,4679.903938,0,0,50192.74214,4679.903938,4051144.552,0,0,0,0,0,,,,,
Bouchra,Crypto,ETH,RelativeValue,ETH," $4,051,145 ",3504.60697,4.048540789,0.115654141,4679.903938,0,0,50192.74214,4679.903938,4051144.552,0,0,0,0,0,,,,,
Bouchra,Crypto,ETHFI,,," $(355,438)",2.6,0.18,7.438016529,-24607.2474,0,0,-93358.52877,-24607.2474,-355438.018,0,0,0,0,0,,,,,
Bouchra,Crypto,ETHFI,RelativeValue,," $(355,438)",2.6,0.18,7.438016529,-24607.2474,0,0,-93358.52877,-24607.2474,-355438.018,0,0,0,0,0,,,,,
Bouchra,Crypto,ETHFI,RelativeValue,ETHFI," $(355,438)",2.6,0.18,7.438016529,-24607.2474,0,0,-93358.52877,-24607.2474,-355438.018,0,0,0,0,0,,,,,
Bouchra,Crypto,SEI,,," $(608,524)",0.39909,0.009926,2.550595636,-15134.94643,0,0,-88628.84959,-15134.94643,-608523.652,0,0,0,0,0,,,,,
Bouchra,Crypto,SEI,RelativeValue,," $(608,524)",0.39909,0.009926,2.550595636,-15134.94643,0,0,-88628.84959,-15134.94643,-608523.652,0,0,0,0,0,,,,,
Bouchra,Crypto,SEI,RelativeValue,SEI," $(608,524)",0.39909,0.009926,2.550595636,-15134.94643,0,0,-88628.84959,-15134.94643,-608523.652,0,0,0,0,0,,,,,
Bouchra,Crypto,SOL,,," $4,036,609 ",180.5490308,-1.958912851,-1.073330186,-43796.2177,0,0,674118.6207,-43796.2177,4036608.701,0,0,0,0,0,,,,,
Bouchra,Crypto,SOL,Core,," $4,036,609 ",180.5490308,-1.958912851,-1.073330186,-43796.2177,0,0,674118.6207,-43796.2177,4036608.701,0,0,0,0,0,,,,,
Bouchra,Crypto,SOL,Core,SOL," $4,036,609 ",180.5490308,-1.958912851,-1.073330186,-43796.2177,0,0,674118.6207,-43796.2177,4036608.701,0,0,0,0,0,,,,,
Bouchra,Crypto,STRK,,," $(472,889)",0.606305,0.003674,0.609659974,-2865.542913,0,0,47052.02745,-2865.542913,-472888.6761,0,0,0,0,0,,,,,
Bouchra,Crypto,STRK,RelativeValue,," $(472,889)",0.606305,0.003674,0.609659974,-2865.542913,0,0,47052.02745,-2865.542913,-472888.6761,0,0,0,0,0,,,,,
Bouchra,Crypto,STRK,RelativeValue,STRK," $(472,889)",0.606305,0.003674,0.609659974,-2865.542913,0,0,47052.02745,-2865.542913,-472888.6761,0,0,0,0,0,,,,,
Bouchra,Crypto,STX,,," $513,534 ",1.902008592,-0.053673289,-2.744479532,-14491.55936,0,0,-308058.708,-14491.55936,513534.2172,0,0,0,0,0,,,,,
Bouchra,Crypto,STX,Core,," $513,534 ",1.902008592,-0.053673289,-2.744479532,-14491.55936,0,0,-308058.708,-14491.55936,513534.2172,0,0,0,0,0,,,,,
Bouchra,Crypto,STX,Core,STX," $513,534 ",1.902008592,-0.053673289,-2.744479532,-14491.55936,0,0,-308058.708,-14491.55936,513534.2172,0,0,0,0,0,,,,,
Bouchra,Crypto,TON,,," $342,412 ",7.04,-0.09,-1.26227209,-4377.431907,0,0,-7587.548639,-4377.431907,342412.4514,0,0,0,0,0,,,,,
Bouchra,Crypto,TON,Core,," $342,412 ",7.04,-0.09,-1.26227209,-4377.431907,0,0,-7587.548639,-4377.431907,342412.4514,0,0,0,0,0,,,,,
Bouchra,Crypto,TON,Core,TON," $342,412 ",7.04,-0.09,-1.26227209,-4377.431907,0,0,-7587.548639,-4377.431907,342412.4514,0,0,0,0,0,,,,,
Bouchra,Crypto,WLD,,," $(435,049)",2.47,-0.05,-1.984126984,8806.65,0,0,14879.51533,8806.65,-435048.51,0,0,0,0,0,,,,,
Bouchra,Crypto,WLD,RelativeValue,," $(435,049)",2.47,-0.05,-1.984126984,8806.65,0,0,14879.51533,8806.65,-435048.51,0,0,0,0,0,,,,,
Bouchra,Crypto,WLD,RelativeValue,WLD," $(435,049)",2.47,-0.05,-1.984126984,8806.65,0,0,14879.51533,8806.65,-435048.51,0,0,0,0,0,,,,,
Bouchra,Equities,,,," $654,081 ",1.207133353,-119.4587166,-98.99960649,0.036342845,0,0,-62468.45364,0.036342845,54602.99346,14.40840903,0.000205946,1834.147604,6.51E-05,0.550193604,,,,,
Bouchra,Equities,NVDA,,," $654,081 ",1.207133353,-119.4587166,-98.99960649,0.036342845,0,0,-62468.45364,0.036342845,54602.99346,14.40840903,0.000205946,1834.147604,6.51E-05,0.550193604,,,,,
Bouchra,Equities,NVDA,E_CRYPTO_OPTIONS ,," $654,081 ",1.207133353,-119.4587166,-98.99960649,0.036342845,0,0,-62468.45364,0.036342845,54602.99346,14.40840903,0.000205946,1834.147604,6.51E-05,0.550193604,,,,,
Bouchra,Equities,NVDA,E_CRYPTO_OPTIONS ,NVDA/16Aug2024/C135.0," $1,227,608 ",1.722255933,-170.4355846,-98.99960645,0.055943757,0,0,-188286.2886,0.055943757,91279.56445,19.64081532,-0.001247447,4530.294699,-0.000217792,0.545581963,,,,,
Bouchra,Equities,NVDA,E_CRYPTO_OPTIONS ,NVDA/16Aug2024/C145.0," $(573,527)",0.692010774,-68.48184863,-98.99960653,-0.019600911,0,0,125817.8349,-0.019600911,-36676.571,9.176002729,0.001453393,-2696.147095,0.000282873,0.554805246,,,,,
CryptoHedges,,,,," $16,785,511 ",,,,19816.53221,0,0,-57967585.72,19816.53221,-6936312.139,,0.076866513,-31095.82834,1.132762708,,,,,,
CryptoHedges,Crypto,,,," $(9,203,672)",1.082784897,-0.00051171,-0.04723633,7971.592138,0,0,-109096.9575,7971.592138,-9203671.624,0,0,0,0,0,,,,,
CryptoHedges,Crypto,BTC,,," $(9,203,672)",1.082784897,-0.00051171,-0.04723633,7971.592138,0,0,-109096.9575,7971.592138,-9203671.624,0,0,0,0,0,,,,,
CryptoHedges,Crypto,BTC,E_CRYPTO_EQUITY ,," $(9,203,672)",1.082784897,-0.00051171,-0.04723633,7971.592138,0,0,-109096.9575,7971.592138,-9203671.624,0,0,0,0,0,,,,,
CryptoHedges,Crypto,BTC,E_CRYPTO_EQUITY ,USD/EUR/18Sep2024," $(9,203,672)",1.082784897,-0.00051171,-0.04723633,7971.592138,0,0,-109096.9575,7971.592138,-9203671.624,0,0,0,0,0,,,,,
CryptoHedges,Equities,,,," $25,989,182 ",,,,11844.94008,0,0,-57858488.76,11844.94008,2267359.485,,0.076866513,-31095.82834,1.132762708,,,,,,
CryptoHedges,Equities,BTC,,," $175,636,532 ",67810.73776,4.536508514,0.006690404,11750.00667,0,0,84336146.16,11750.00667,175636531.6,0,0,0,0,0,,,,,
CryptoHedges,Equities,BTC,MSTRspread,," $175,636,532 ",67810.73776,4.536508514,0.006690404,11750.00667,0,0,84336146.16,11750.00667,175636531.6,0,0,0,0,0,,,,,
CryptoHedges,Equities,BTC,MSTRspread,BTC," $175,636,532 ",67810.73776,4.536508514,0.006690404,11750.00667,0,0,84336146.16,11750.00667,175636531.6,0,0,0,0,0,,,,,
CryptoHedges,Equities,MSTR,,," $(149,647,349)",,,,94.93340381,0,0,-142194634.9,94.93340381,-173369172.2,,0.076866513,-31095.82834,1.132762708,,,,,,
CryptoHedges,Equities,MSTR,E_MSTR_EQUITY ,," $(174,953,439)",1777.801429,0.000211852,1.19E-05,-20.84831433,0,0,-143684208.1,-20.84831433,-174953438.6,0,0,0,0,0,,,,,
CryptoHedges,Equities,MSTR,E_MSTR_EQUITY ,MSTR," $(174,953,439)",1777.801429,0.000211852,1.19E-05,-20.84831433,0,0,-143684208.1,-20.84831433,-174953438.6,0,0,0,0,0,,,,,
CryptoHedges,Equities,MSTR,E_MSTR_OPTIONS ,," $25,306,089 ",97.93690647,-9692.047566,-98.99965034,115.7817181,0,0,1489573.206,115.7817181,1584266.478,19.86325727,0.076866513,-31095.82834,1.132762708,1.204064285,,,,,
CryptoHedges,Equities,MSTR,E_MSTR_OPTIONS ,MSTR/02Aug2024/C1700.0," $67,187,591 ",186.4,-18446.27631,-98.99960694,1.332217086,0,0,3479855.12,1.332217086,11184000,62.96278752,0.05286438,69939.51306,2.73E-10,1.18220586,,,,,
CryptoHedges,Equities,MSTR,E_MSTR_OPTIONS ,MSTR/02Aug2024/C1800.0," $(55,596,491)",137.38,-13595.22232,-98.99960694,-0.981866856,0,0,-2895367.372,-0.981866856,-8242800,52.10054429,0.027284841,-73772.06303,5.12E-11,1.184658486,,,,,
CryptoHedges,Equities,MSTR,E_MSTR_OPTIONS ,MSTR/02Aug2024/P1555.0," $6,459,307 ",50.5255744,-5000.450749,-98.99968697,66.5675925,0,0,376737.4742,66.5675925,-833671.9776,-22.01142213,0.001406875,-15085.72159,0.65631339,1.168592344,,,,,
CryptoHedges,Equities,MSTR,E_MSTR_OPTIONS ,MSTR/26Jul2024/P1550.0," $7,255,683 ",17.44205148,-1726.240882,-98.99970051,48.86377542,0,0,528347.9836,48.86377542,-523261.5443,-13.59888061,-0.004689582,-12177.55678,0.476449318,1.280800449,,,,,
Eduardo,,,,," $507,700 ",,,,417.564883,0,0,324064.7705,417.564883,507699.8683,,0,0,0,,,,,,
Eduardo,Crypto,,,," $507,700 ",,,,417.564883,0,0,324064.7705,417.564883,507699.8683,,0,0,0,,,,,,
Eduardo,Crypto,BTC,,," $155,225 ",67810.73776,4.536508514,0.006690404,10.38451257,0,0,290006.3157,10.38451257,155225.4242,0,0,0,0,0,,,,,
Eduardo,Crypto,BTC,Core,," $155,225 ",67810.73776,4.536508514,0.006690404,10.38451257,0,0,290006.3157,10.38451257,155225.4242,0,0,0,0,0,,,,,
Eduardo,Crypto,BTC,Core,BTC," $155,225 ",67810.73776,4.536508514,0.006690404,10.38451257,0,0,290006.3157,10.38451257,155225.4242,0,0,0,0,0,,,,,
Eduardo,Crypto,ETH,,," $352,474 ",3504.60697,4.048540789,0.115654141,407.1803704,0,0,34058.45475,407.1803704,352474.4441,0,0,0,0,0,,,,,
Eduardo,Crypto,ETH,Core,," $352,474 ",3504.60697,4.048540789,0.115654141,407.1803704,0,0,34058.45475,407.1803704,352474.4441,0,0,0,0,0,,,,,
Eduardo,Crypto,ETH,Core,ETH," $352,474 ",3504.60697,4.048540789,0.115654141,407.1803704,0,0,34058.45475,407.1803704,352474.4441,0,0,0,0,0,,,,,
Felman,,,,," $4,036,921 ",,,,-66896.98282,0,0,2263015.688,-66896.98282,4299743.366,,0.640257847,-960.7560817,-0.0012776,,,,,,
Felman,Crypto,,,," $4,036,921 ",,,,-66896.98282,0,0,2263015.688,-66896.98282,4299743.366,,0.640257847,-960.7560817,-0.0012776,,,,,,
Felman,Crypto,ALT,,," $(520,134)",0.154934,-0.001703,-1.087227156,5717.195796,0,0,155334.9258,5717.195796,-520133.8893,0,0,0,0,0,,,,,
Felman,Crypto,ALT,Core,," $(520,134)",0.154934,-0.001703,-1.087227156,5717.195796,0,0,155334.9258,5717.195796,-520133.8893,0,0,0,0,0,,,,,
Felman,Crypto,ALT,Core,ALT," $(520,134)",0.154934,-0.001703,-1.087227156,5717.195796,0,0,155334.9258,5717.195796,-520133.8893,0,0,0,0,0,,,,,
Felman,Crypto,ARKM,,," $(774,059)",1.6,-0.04,-2.43902439,19351.48,0,0,-42270.24636,19351.48,-774059.2,0,0,0,0,0,,,,,
Felman,Crypto,ARKM,Core,," $(774,059)",1.6,-0.04,-2.43902439,19351.48,0,0,-42270.24636,19351.48,-774059.2,0,0,0,0,0,,,,,
Felman,Crypto,ARKM,Core,ARKM," $(774,059)",1.6,-0.04,-2.43902439,19351.48,0,0,-42270.24636,19351.48,-774059.2,0,0,0,0,0,,,,,
Felman,Crypto,ASTR,,," $1,553,093 ",0.078717,-0.002141,-2.64785179,-42242.11676,0,0,52643.35836,-42242.11676,1553093.276,0,0,0,0,0,,,,,
Felman,Crypto,ASTR,Core,," $1,553,093 ",0.078717,-0.002141,-2.64785179,-42242.11676,0,0,52643.35836,-42242.11676,1553093.276,0,0,0,0,0,,,,,
Felman,Crypto,ASTR,Core,ASTR," $1,553,093 ",0.078717,-0.002141,-2.64785179,-42242.11676,0,0,52643.35836,-42242.11676,1553093.276,0,0,0,0,0,,,,,
Felman,Crypto,BTC,,," $3,011,576 ",,,,12.18125501,0,0,642906.7728,12.18125501,3274397.978,,0.640257847,-960.7560817,-0.0012776,,,,,,
Felman,Crypto,BTC,E_CRYPTO_EQUITY ,," $3,011,576 ",,,,12.18125501,0,0,642906.7728,12.18125501,3274397.978,,0.640257847,-960.7560817,-0.0012776,,,,,,
Felman,Crypto,BTC,E_CRYPTO_EQUITY ,FIP," $1,933,240 ",9.666201753,1.15E-06,1.19E-05,0.230374452,0,0,55250.37409,0.230374452,1933240.351,0,0,0,0,0,,,,,
Felman,Crypto,BTC,E_CRYPTO_EQUITY ,WULF," $1,410,921 ",5.587804323,6.66E-07,1.19E-05,0.168132254,0,0,585391.9615,0.168132254,1410920.592,0,0,0,0,0,,,,,
Felman,Crypto,BTC,E_CRYPTO_EQUITY ,WULF/16Aug2024/C7.0," $(332,585)",0.387572025,-38.36095328,-98.99977606,11.7827483,0,0,2264.4372,11.7827483,-69762.96447,33.05359055,0.640257847,-960.7560817,-0.0012776,1.438242251,,,,,
Felman,Crypto,ETHFI,,," $(570,437)",2.6,0.18,7.438016529,-39491.802,0,0,-70644.97137,-39491.802,-570437.14,0,0,0,0,0,,,,,
Felman,Crypto,ETHFI,Core,," $(570,437)",2.6,0.18,7.438016529,-39491.802,0,0,-70644.97137,-39491.802,-570437.14,0,0,0,0,0,,,,,
Felman,Crypto,ETHFI,Core,ETHFI," $(570,437)",2.6,0.18,7.438016529,-39491.802,0,0,-70644.97137,-39491.802,-570437.14,0,0,0,0,0,,,,,
Felman,Crypto,ILV,,," $478,702 ",72.77,-2.17,-2.895649853,-14274.88062,0,0,-21247.86378,-14274.88062,478701.8722,0,0,0,0,0,,,,,
Felman,Crypto,ILV,Core,," $478,702 ",72.77,-2.17,-2.895649853,-14274.88062,0,0,-21247.86378,-14274.88062,478701.8722,0,0,0,0,0,,,,,
Felman,Crypto,ILV,Core,ILV," $478,702 ",72.77,-2.17,-2.895649853,-14274.88062,0,0,-21247.86378,-14274.88062,478701.8722,0,0,0,0,0,,,,,
Felman,Crypto,JTO,,," $1,173,552 ",2.79,0.01,0.35971223,4206.27944,0,0,173241.4234,4206.27944,1173551.964,0,0,0,0,0,,,,,
Felman,Crypto,JTO,Core,," $1,173,552 ",2.79,0.01,0.35971223,4206.27944,0,0,173241.4234,4206.27944,1173551.964,0,0,0,0,0,,,,,
Felman,Crypto,JTO,Core,JTO," $1,173,552 ",2.79,0.01,0.35971223,4206.27944,0,0,173241.4234,4206.27944,1173551.964,0,0,0,0,0,,,,,
Felman,Crypto,SOL,,," $337,901 ",180.5490308,-1.958912851,-1.073330186,-3666.148644,0,0,1065827.688,-3666.148644,337901.4968,0,0,0,0,0,,,,,
Felman,Crypto,SOL,Core,," $337,901 ",180.5490308,-1.958912851,-1.073330186,-3666.148644,0,0,1065827.688,-3666.148644,337901.4968,0,0,0,0,0,,,,,
Felman,Crypto,SOL,Core,SOL," $337,901 ",180.5490308,-1.958912851,-1.073330186,-3666.148644,0,0,1065827.688,-3666.148644,337901.4968,0,0,0,0,0,,,,,
Felman,Crypto,STRK,,," $(710,774)",0.606305,0.003674,0.609659974,-4307.047835,0,0,182788.5264,-4307.047835,-710774.2618,0,0,0,0,0,,,,,
Felman,Crypto,STRK,Core,," $(710,774)",0.606305,0.003674,0.609659974,-4307.047835,0,0,182788.5264,-4307.047835,-710774.2618,0,0,0,0,0,,,,,
Felman,Crypto,STRK,Core,STRK," $(710,774)",0.606305,0.003674,0.609659974,-4307.047835,0,0,182788.5264,-4307.047835,-710774.2618,0,0,0,0,0,,,,,
Felman,Crypto,TON,,," $2,661,430 ",7.04,-0.09,-1.26227209,-34023.96257,0,0,-26892.84134,-34023.96257,2661429.961,0,0,0,0,0,,,,,
Felman,Crypto,TON,Core,," $2,661,430 ",7.04,-0.09,-1.26227209,-34023.96257,0,0,-26892.84134,-34023.96257,2661429.961,0,0,0,0,0,,,,,
Felman,Crypto,TON,Core,TON," $2,661,430 ",7.04,-0.09,-1.26227209,-34023.96257,0,0,-26892.84134,-34023.96257,2661429.961,0,0,0,0,0,,,,,
Felman,Crypto,WLD,,," $(2,161,788)",2.47,-0.05,-1.984126984,43760.9,0,0,113022.5551,43760.9,-2161788.46,0,0,0,0,0,,,,,
Felman,Crypto,WLD,Core,," $(2,161,788)",2.47,-0.05,-1.984126984,43760.9,0,0,113022.5551,43760.9,-2161788.46,0,0,0,0,0,,,,,
Felman,Crypto,WLD,Core,WLD," $(2,161,788)",2.47,-0.05,-1.984126984,43760.9,0,0,113022.5551,43760.9,-2161788.46,0,0,0,0,0,,,,,
Felman,Crypto,XAI,,," $(442,140)",0.373265,0.001637,0.440494258,-1939.060877,0,0,38306.3612,-1939.060877,-442140.2311,0,0,0,0,0,,,,,
Felman,Crypto,XAI,Core,," $(442,140)",0.373265,0.001637,0.440494258,-1939.060877,0,0,38306.3612,-1939.060877,-442140.2311,0,0,0,0,0,,,,,
Felman,Crypto,XAI,Core,XAI," $(442,140)",0.373265,0.001637,0.440494258,-1939.060877,0,0,38306.3612,-1939.060877,-442140.2311,0,0,0,0,0,,,,,
Lending,,,,," $290,645,613 ",,,,34.63476426,0,0,36114912.61,34.63476426,290645613.4,,0,0,0,,,,,,
Lending,Crypto,,,," $290,645,613 ",,,,34.63476426,0,0,36114912.61,34.63476426,290645613.4,,0,0,0,,,,,,
Lending,Crypto,BTC,,," $290,645,613 ",,,,34.63476426,0,0,36114912.61,34.63476426,290645613.4,,0,0,0,,,,,,
Lending,Crypto,BTC,E_CRYPTO_EQUITY ,," $290,645,613 ",,,,34.63476426,0,0,36114912.61,34.63476426,290645613.4,,0,0,0,,,,,,
Lending,Crypto,BTC,E_CRYPTO_EQUITY ,ARKB," $85,773,796 ",67.27356546,8.02E-06,1.19E-05,10.22122842,0,0,14310339.46,10.22122842,85773795.96,0,0,0,0,0,,,,,
Lending,Crypto,BTC,E_CRYPTO_EQUITY ,IBIT," $204,871,817 ",38.38491699,4.57E-06,1.19E-05,24.41353583,0,0,21804573.15,24.41353583,204871817.5,0,0,0,0,0,,,,,
Novo,,,,," $1,010,900,178 ",,,,-892387.5471,0,0,364911115.3,2790442.713,974498282.3,,3682830.26,55272.37636,-224057.682,,,,,,
Novo,Crypto,,,," $1,010,900,178 ",,,,-892387.5471,0,0,364911115.3,2790442.713,974498282.3,,3682830.26,55272.37636,-224057.682,,,,,,
Novo,Crypto,BGCI,,," $31,051,563 ",2725.734116,0.16411647,0.006021363,1869.614821,0,0,18196531.78,1869.614821,31051563.05,0,0,0,0,0,,,,,
Novo,Crypto,BGCI,AssetMgmt,," $31,051,563 ",2725.734116,0.16411647,0.006021363,1869.614821,0,0,18196531.78,1869.614821,31051563.05,0,0,0,0,0,,,,,
Novo,Crypto,BGCI,AssetMgmt,BGCI," $31,051,563 ",2725.734116,0.16411647,0.006021363,1869.614821,0,0,18196531.78,1869.614821,31051563.05,0,0,0,0,0,,,,,
Novo,Crypto,BTC,,," $663,289,993 ",,,,-534334.1237,0,0,144203059.3,3148496.136,626888096.6,,3682830.26,55272.37636,-224057.682,,,,,,
Novo,Crypto,BTC,Core,," $413,415,778 ",,,,27657.33363,0,0,128777263.3,27657.33363,413415778.3,,0,0,0,,,,,,
Novo,Crypto,BTC,Core,BTC," $317,472,061 ",67810.73776,4.536508514,0.006690404,21238.74115,0,0,92975283.45,21238.74115,317472060.7,0,0,0,0,0,,,,,
Novo,Crypto,BTC,Core,BTC_MT_GOX," $95,943,718 ",8476.342221,0.567063564,0.006690404,6418.592484,0,0,35801979.85,6418.592484,95943717.6,0,0,0,0,0,,,,,
Novo,Crypto,BTC,ETF ,," $210,018,282 ",,,,25.02681395,0,0,15061645.97,25.02681395,210018282.2,,0,0,0,,,,,,
Novo,Crypto,BTC,ETF ,ARKB," $105,955,866 ",67.27356546,8.02E-06,1.19E-05,12.62622334,0,0,5329094.101,12.62622334,105955865.6,0,0,0,0,0,,,,,
Novo,Crypto,BTC,ETF ,BTCO," $48,751,594 ",67.24357724,8.01E-06,1.19E-05,5.809480246,0,0,6881244.502,5.809480246,48751593.5,0,0,0,0,0,,,,,
Novo,Crypto,BTC,ETF ,GBTC," $27,012,311 ",59.65655849,7.11E-06,1.19E-05,3.218920111,0,0,2633719.096,3.218920111,27012310.72,0,0,0,0,0,,,,,
Novo,Crypto,BTC,ETF ,IBIT," $28,298,512 ",38.38491699,4.57E-06,1.19E-05,3.372190248,0,0,217588.2739,3.372190248,28298512.36,0,0,0,0,0,,,,,
Novo,Crypto,BTC,Options ,," $39,855,932 ",,,,-562016.4841,0,0,364150.0499,3120813.776,3454036.13,,3682830.26,55272.37636,-224057.682,,,,,,
Novo,Crypto,BTC,Options ,BTCUSD-2024AUG02-C-70000=GALAXY_HK," $30,932,925 ",2401.214138,-390.9569992,-14.0018996,-410481.7335,0,0,609982.9608,1969503.55,2521274.845,43.44434129,2379985.284,48432.08878,-152974.4963,0.681167816,,,,,
Novo,Crypto,BTC,Options ,BTCUSD-2024AUG30-C-66000=GALAXY_HK," $21,032,478 ",6935.812854,-385.1696639,-5.26117448,-192580.646,0,0,2617910.613,436929.7842,3467906.427,62.03288314,629510.4303,42681.28433,-34113.52599,0.619953973,,,,,
Novo,Crypto,BTC,Options ,BTCUSD-2024AUG30-C-69000=GALAXY_HK," $(18,131,834)",5486.974169,-417.8444509,-7.076329992,208917.9558,0,0,-2193491.354,-443210.3579,-2743487.084,53.47776699,-652128.3136,-44561.69497,35895.90726,0.624818017,,,,,
Novo,Crypto,BTC,Options ,BTCUSD-2024JUL26-C-72000=GALAXY_HK," $6,022,364 ",452.9172659,-364.9520618,-44.62229472,-167872.0604,0,0,-670252.1696,1157590.799,208341.9423,19.30681693,1325462.859,8720.698231,-72865.5669,0.632159286,,,,,
Novo,Crypto,DOGE,,," $5,260,611 ",0.140364729,-0.00055527,-0.394032382,-20810.51035,0,0,-739379.6358,-20810.51035,5260610.836,0,0,0,0,0,,,,,
Novo,Crypto,DOGE,Core,," $5,260,611 ",0.140364729,-0.00055527,-0.394032382,-20810.51035,0,0,-739379.6358,-20810.51035,5260610.836,0,0,0,0,0,,,,,
Novo,Crypto,DOGE,Core,DOGE," $5,260,611 ",0.140364729,-0.00055527,-0.394032382,-20810.51035,0,0,-739379.6358,-20810.51035,5260610.836,0,0,0,0,0,,,,,
Novo,Crypto,ETH,,," $189,441,513 ",3504.60697,4.048540789,0.115654141,218843.8527,0,0,119358302.7,218843.8527,189441512.8,0,0,0,0,0,,,,,
Novo,Crypto,ETH,Core,," $189,441,513 ",3504.60697,4.048540789,0.115654141,218843.8527,0,0,119358302.7,218843.8527,189441512.8,0,0,0,0,0,,,,,
Novo,Crypto,ETH,Core,ETH," $189,441,513 ",3504.60697,4.048540789,0.115654141,218843.8527,0,0,119358302.7,218843.8527,189441512.8,0,0,0,0,0,,,,,
Novo,Crypto,FTX_SOL,,," $102,047,893 ",99.30196695,-1.077402068,-1.073330186,-1107194.69,0,0,39700230.38,-1107194.69,102047892.6,0,0,0,0,0,,,,,
Novo,Crypto,FTX_SOL,Locked,," $102,047,893 ",99.30196695,-1.077402068,-1.073330186,-1107194.69,0,0,39700230.38,-1107194.69,102047892.6,0,0,0,0,0,,,,,
Novo,Crypto,FTX_SOL,Locked,FTX_SOL," $102,047,893 ",99.30196695,-1.077402068,-1.073330186,-1107194.69,0,0,39700230.38,-1107194.69,102047892.6,0,0,0,0,0,,,,,
Novo,Crypto,GDAM1,,," $55,865,194 ",3266.015409,0.19664681,0.006021363,3363.643681,0,0,34390069.62,3363.643681,55865193.57,0,0,0,0,0,,,,,
Novo,Crypto,GDAM1,AssetMgmt,," $55,865,194 ",3266.015409,0.19664681,0.006021363,3363.643681,0,0,34390069.62,3363.643681,55865193.57,0,0,0,0,0,,,,,
Novo,Crypto,GDAM1,AssetMgmt,GDAM1," $55,865,194 ",3266.015409,0.19664681,0.006021363,3363.643681,0,0,34390069.62,3363.643681,55865193.57,0,0,0,0,0,,,,,
Novo,Crypto,MKR,,," $5,244,599 ",2846.835069,34.06660348,1.211141404,62759.40466,0,0,213834.3017,62759.40466,5244598.986,0,0,0,0,0,,,,,
Novo,Crypto,MKR,Core,," $5,244,599 ",2846.835069,34.06660348,1.211141404,62759.40466,0,0,213834.3017,62759.40466,5244598.986,0,0,0,0,0,,,,,
Novo,Crypto,MKR,Core,MKR," $5,244,599 ",2846.835069,34.06660348,1.211141404,62759.40466,0,0,213834.3017,62759.40466,5244598.986,0,0,0,0,0,," $(2,211,978)"," $(928,104)"," $687,444 "," $10,505,210 "
Novo,Crypto,SKL,,," $(1,555,534)",0.051372046,-0.000709098,-1.361524483,21471.30907,0,0,539656.0147,21471.30907,-1555533.684,0,0,0,0,0,," $229,604 "," $(288,296)"," $(520,134)"," $5,260,611 "
Novo,Crypto,SKL,SpecialSits,," $(1,555,534)",0.051372046,-0.000709098,-1.361524483,21471.30907,0,0,539656.0147,21471.30907,-1555533.684,0,0,0,0,0,," $(1,583,574)"," $(518,557)"," $(774,059)"," $5,244,599 "
Novo,Crypto,SKL,SpecialSits,SKL," $(1,555,534)",0.051372046,-0.000709098,-1.361524483,21471.30907,0,0,539656.0147,21471.30907,-1555533.684,0,0,0,0,0,," $(440,781)"," $894,701 "," $1,553,093 ",
Novo,Crypto,SOL,,," $(40,904,697)",180.5490308,-1.958912851,-1.073330186,443805.9634,0,0,8116850.217,443805.9634,-40904696.96,0,0,0,0,0,," $(417,227)"," $(355,438)"," $(570,437)",
Novo,Crypto,SOL,Core,," $(49,398,440)",180.5490308,-1.958912851,-1.073330186,535960.9962,0,0,6009796.5,535960.9962,-49398439.73,0,0,0,0,0,,," $(608,524)"," $478,702 ",
Novo,Crypto,SOL,Core,SOL," $(49,398,440)",180.5490308,-1.958912851,-1.073330186,535960.9962,0,0,6009796.5,535960.9962,-49398439.73,0,0,0,0,0,,," $(472,889)"," $1,173,552 ",
Novo,Crypto,SOL,Locked,," $8,493,743 ",180.5490308,-1.958912851,-1.073330186,-92155.03281,0,0,2107053.717,-92155.03281,8493742.766,0,0,0,0,0,,," $513,534 "," $(710,774)",
Novo,Crypto,SOL,Locked,SOL," $8,493,743 ",180.5490308,-1.958912851,-1.073330186,-92155.03281,0,0,2107053.717,-92155.03281,8493742.766,0,0,0,0,0,,," $342,412 "," $2,661,430 ",
Novo,Crypto,VEE,,," $1,159,045 ",0.0147405,0.00022686,1.56308135,17837.98835,0,0,931960.5858,17837.98835,1159044.641,0,0,0,0,0,,," $(435,049)"," $(2,161,788)",
Novo,Crypto,VEE,SpecialSits,," $1,159,045 ",0.0147405,0.00022686,1.56308135,17837.98835,0,0,931960.5858,17837.98835,1159044.641,0,0,0,0,0,,,," $(442,140)",
Novo,Crypto,VEE,SpecialSits,VEE," $1,159,045 ",0.0147405,0.00022686,1.56308135,17837.98835,0,0,931960.5858,17837.98835,1159044.641,0,0,0,0,0,,,,,
Other,,,,," $(25,827,838)",,,,-33829.51995,0,0,-2758115.528,-33829.51995,-26913758.02,,-0.513111775,2405.155521,0.007134758,,,,,,
Other,Crypto,,,," $(28,562,046)",,,,-33830.8741,0,0,-299678.124,-33830.8741,-28562045.97,,0,0,0,,,,,,
Other,Crypto,BTC,,," $723,622 ",9.666201753,1.15E-06,1.19E-05,0.086230309,0,0,41834.48946,0.086230309,723621.5295,0,0,0,0,0,,,,,
Other,Crypto,BTC,E_CRYPTO_EQUITY ,," $723,622 ",9.666201753,1.15E-06,1.19E-05,0.086230309,0,0,41834.48946,0.086230309,723621.5295,0,0,0,0,0,,,,,
Other,Crypto,BTC,E_CRYPTO_EQUITY ,FIP," $723,622 ",9.666201753,1.15E-06,1.19E-05,0.086230309,0,0,41834.48946,0.086230309,723621.5295,0,0,0,0,0,,,,,
Other,Crypto,ETH,,," $(29,285,668)",3504.60697,4.048540789,0.115654141,-33830.96033,0,0,-341512.6135,-33830.96033,-29285667.5,0,0,0,0,0,,,,,
Other,Crypto,ETH,,," $(29,285,668)",3504.60697,4.048540789,0.115654141,-33830.96033,0,0,-341512.6135,-33830.96033,-29285667.5,0,0,0,0,0,,,,,
Other,Crypto,ETH,,ETH," $(29,285,668)",3504.60697,4.048540789,0.115654141,-33830.96033,0,0,-341512.6135,-33830.96033,-29285667.5,0,0,0,0,0,,,,,
Other,Equities,,,," $2,734,208 ",,,,1.354158675,0,0,-2458437.404,1.354158675,1648287.948,,-0.513111775,2405.155521,0.007134758,,,,,,
Other,Equities,FIP,,," $284,396 ",0.867944275,-85.89073489,-98.99958796,1.15990684,0,0,10732.23532,1.15990684,60756.09925,42.01442065,-0.528761479,1707.994439,0.007023606,0.535303492,,,,,
Other,Equities,FIP,E_CRYPTO_OPTIONS ,," $284,396 ",0.867944275,-85.89073489,-98.99958796,1.15990684,0,0,10732.23532,1.15990684,60756.09925,42.01442065,-0.528761479,1707.994439,0.007023606,0.535303492,,,,,
Other,Equities,FIP,E_CRYPTO_OPTIONS ,FIP/20Dec2024/C11.0," $284,396 ",0.867944275,-85.89073489,-98.99958796,1.15990684,0,0,10732.23532,1.15990684,60756.09925,42.01442065,-0.528761479,1707.994439,0.007023606,0.535303492,,,,,
Other,Equities,MARA,,," $246,893 ",1.49,-147.4514577,-98.99960694,0.00533668,0,0,-4217.596667,0.00533668,44799.99999,35.62495089,-0.000326406,158.8570935,4.48E-09,1.673064184,,,,,
Other,Equities,MARA,E_CRYPTO_OPTIONS ,," $246,893 ",1.49,-147.4514577,-98.99960694,0.00533668,0,0,-4217.596667,0.00533668,44799.99999,35.62495089,-0.000326406,158.8570935,4.48E-09,1.673064184,,,,,
Other,Equities,MARA,E_CRYPTO_OPTIONS ,MARA/02Aug2024/C27.0," $740,150 ",1.81,-179.1188848,-98.99960694,0.015092266,0,0,21797.23446,0.015092266,126700,42.75604097,-0.000373035,1178.615468,-1.55E-12,1.559984057,,,,,
Other,Equities,MARA,E_CRYPTO_OPTIONS ,MARA/02Aug2024/C31.0," $(493,257)",1.17,-115.7840305,-98.99960694,-0.009755586,0,0,-26014.83112,-0.009755586,-81900.00001,28.49386081,4.66E-05,-1019.758375,4.49E-09,1.786144312,,,,,
Other,Equities,RIOT,,," $1,739,132 ",,,,0.133647918,0,0,-2967038.021,0.133647918,1078944.09,,0.015976109,538.3039879,0.000111148,,,,,,
Other,Equities,RIOT,E_CRYPTO_OPTIONS ,," $813,185 ",,,,0.023307609,0,0,14672.83743,0.023307609,152997.9323,,0.015976109,538.3039879,0.000111148,,,,,,
Other,Equities,RIOT,E_CRYPTO_OPTIONS ,RIOT/02Aug2024/C12.0," $665,920 ",1.14,-112.8152092,-98.99960694,0.013579466,0,0,33089.22279,0.013579466,114000,55.354913,-8.88E-05,825.3135064,-1.11E-12,1.343673239,,,,,
Other,Equities,RIOT,E_CRYPTO_OPTIONS ,RIOT/02Aug2024/C13.0," $1,023,504 ",0.8,-79.16856787,-98.99960694,0.0190589,0,0,2937.154799,0.0190589,160000,42.53965965,0.000532907,1636.445105,3.11E-12,1.407893592,,,,,
Other,Equities,RIOT,E_CRYPTO_OPTIONS ,RIOT/02Aug2024/C14.0," $(394,614)",0.59,-58.3868188,-98.99960694,-0.007027969,0,0,-25375.82583,-0.007027969,-59000,32.80250027,0,-754.1925436,-3.33E-13,1.500587758,,,,,
Other,Equities,RIOT,E_CRYPTO_OPTIONS ,RIOT/02Aug2024/C15.5," $(481,624)",0.310010338,-30.67884568,-98.99960703,-0.002302787,0,0,4022.285667,-0.002302787,-62002.06766,20.01763568,0.01553202,-1169.26208,0.000111148,1.493907678,,,,,
Other,Equities,RIOT,E_RV_MINERS ,," $925,946 ",12.02527478,1.43E-06,1.19E-05,0.11034031,0,0,-2981710.859,0.11034031,925946.1578,0,0,0,0,0,,,,,
Other,Equities,RIOT,E_RV_MINERS ,RIOT," $925,946 ",12.02527478,1.43E-06,1.19E-05,0.11034031,0,0,-2981710.859,0.11034031,925946.1578,0,0,0,0,0,,,,,
Other,Equities,WULF,,," $463,788 ",5.587804323,6.66E-07,1.19E-05,0.055267236,0,0,502085.9784,0.055267236,463787.7588,0,0,0,0,0,,,,,
Other,Equities,WULF,E_RV_MINERS ,," $463,788 ",5.587804323,6.66E-07,1.19E-05,0.055267236,0,0,502085.9784,0.055267236,463787.7588,0,0,0,0,0,,,,,
Other,Equities,WULF,E_RV_MINERS ,WULF," $463,788 ",5.587804323,6.66E-07,1.19E-05,0.055267236,0,0,502085.9784,0.055267236,463787.7588,0,0,0,0,0,,,,,
Placeholder,,,,," $(909,154)",,,,-15982.72267,0,0,795860.3368,-15982.72267,-909154.0443,,0,0,0,,,,,,
Placeholder,Placeholder,,,," $(909,154)",,,,-15982.72267,0,0,795860.3368,-15982.72267,-909154.0443,,0,0,0,,,,,,
Placeholder,Placeholder,BTC,,," $1,495,624 ",67810.73776,4.536508514,0.006690404,100.056574,0,0,440448.8667,100.056574,1495623.8,0,0,0,0,0,,,,,
Placeholder,Placeholder,BTC,Placeholder ,," $1,495,624 ",67810.73776,4.536508514,0.006690404,100.056574,0,0,440448.8667,100.056574,1495623.8,0,0,0,0,0,,,,,
Placeholder,Placeholder,BTC,Placeholder ,BTC," $1,495,624 ",67810.73776,4.536508514,0.006690404,100.056574,0,0,440448.8667,100.056574,1495623.8,0,0,0,0,0,,,,,
Placeholder,Placeholder,ETH,,," $(3,164,537)",3504.60697,4.048540789,0.115654141,-3655.690633,0,0,-611302.8474,-3655.690633,-3164537.432,0,0,0,0,0,,,,,
Placeholder,Placeholder,ETH,Placeholder ,," $(3,164,537)",3504.60697,4.048540789,0.115654141,-3655.690633,0,0,-611302.8474,-3655.690633,-3164537.432,0,0,0,0,0,,,,,
Placeholder,Placeholder,ETH,Placeholder ,ETH," $(3,164,537)",3504.60697,4.048540789,0.115654141,-3655.690633,0,0,-611302.8474,-3655.690633,-3164537.432,0,0,0,0,0,,,,,
Placeholder,Placeholder,MATIC,,," $219,403 ",0.544569318,0.000681337,0.125271568,274.5057045,0,0,-101436.7133,274.5057045,219403.0029,0,0,0,0,0,,,,,
Placeholder,Placeholder,MATIC,Placeholder ,," $219,403 ",0.544569318,0.000681337,0.125271568,274.5057045,0,0,-101436.7133,274.5057045,219403.0029,0,0,0,0,0,,,,,
Placeholder,Placeholder,MATIC,Placeholder ,MATIC," $219,403 ",0.544569318,0.000681337,0.125271568,274.5057045,0,0,-101436.7133,274.5057045,219403.0029,0,0,0,0,0,,,,,
Placeholder,Placeholder,SOL,,," $1,298,570 ",180.5490308,-1.958912851,-1.073330186,-14089.16726,0,0,458530.5287,-14089.16726,1298570.016,0,0,0,0,0,,,,,
Placeholder,Placeholder,SOL,Placeholder ,," $1,298,570 ",180.5490308,-1.958912851,-1.073330186,-14089.16726,0,0,458530.5287,-14089.16726,1298570.016,0,0,0,0,0,,,,,
Placeholder,Placeholder,SOL,Placeholder ,SOL," $1,298,570 ",180.5490308,-1.958912851,-1.073330186,-14089.16726,0,0,458530.5287,-14089.16726,1298570.016,0,0,0,0,0,,,,,
Placeholder,Placeholder,USDT,,," $(2,511,343)",1.000136771,-9.26E-05,-0.00926004,232.5729456,0,0,-1324.497901,232.5729456,-2511343.431,0,0,0,0,0,,,,,
Placeholder,Placeholder,USDT,Placeholder ,," $(2,511,343)",1.000136771,-9.26E-05,-0.00926004,232.5729456,0,0,-1324.497901,232.5729456,-2511343.431,0,0,0,0,0,,,,,
Placeholder,Placeholder,USDT,Placeholder ,USDT," $(2,511,343)",1.000136771,-9.26E-05,-0.00926004,232.5729456,0,0,-1324.497901,232.5729456,-2511343.431,0,0,0,0,0,,,,,
Placeholder,Placeholder,WETH,,," $1,753,130 ",3506.26,2.31,0.065925598,1155,0,0,610945,1155,1753130,0,0,0,0,0,,,,,
Placeholder,Placeholder,WETH,Placeholder ,," $1,753,130 ",3506.26,2.31,0.065925598,1155,0,0,610945,1155,1753130,0,0,0,0,0,,,,,
Placeholder,Placeholder,WETH,Placeholder ,WETH," $1,753,130 ",3506.26,2.31,0.065925598,1155,0,0,610945,1155,1753130,0,0,0,0,0,,,,,
SP,,,,," $420,904 ",,,,2319.515916,0,-7.56972616,107546309.6,-25418.41364,329225.2436,,-27745.49928,-210.763377,2033.153776,,,,,,
SP,SP,,,," $420,904 ",,,,2319.515916,0,-7.56972616,107546309.6,-25418.41364,329225.2436,,-27745.49928,-210.763377,2033.153776,,,,,,
SP,SP,SP,,," $420,904 ",,,,2319.515916,0,-7.56972616,107546309.6,-25418.41364,329225.2436,,-27745.49928,-210.763377,2033.153776,,,,,,
SP,SP,SP,SP ,," $420,904 ",,,,2319.515916,0,-7.56972616,107546309.6,-25418.41364,329225.2436,,-27745.49928,-210.763377,2033.153776,,,,,,
SP,SP,SP,SP ,SP," $420,904 ",,,,2319.515916,0,-7.56972616,107546309.6,-25418.41364,329225.2436,,-27745.49928,-210.763377,2033.153776,,,,,,
Ventures,,,,," $88,690,800 ",,,,8375857.113,0,0,-43823796.16,8375857.113,88690800.43,,0,0,0,,,,,,
Ventures,Crypto,,,," $107,584,484 ",,,,10611944.63,0,0,-55342753.95,10611944.63,107584483.7,,0,0,0,,,,,,
Ventures,Crypto,MATIC,,," $2,187,025 ",0.544569318,0.000681337,0.125271568,2736.293006,0,0,-1777253.962,2736.293006,2187025.233,0,0,0,0,0,,,,,
Ventures,Crypto,MATIC,Locked ,," $2,187,025 ",0.544569318,0.000681337,0.125271568,2736.293006,0,0,-1777253.962,2736.293006,2187025.233,0,0,0,0,0,,,,,
Ventures,Crypto,MATIC,Locked ,MATIC," $2,187,025 ",0.544569318,0.000681337,0.125271568,2736.293006,0,0,-1777253.962,2736.293006,2187025.233,0,0,0,0,0,,,,,
Ventures,Crypto,PYTH,,," $15,157,458 ",0.363779,-0.001699,-0.464870663,-70791.66723,0,0,1154500.009,-70791.66723,15157458.45,0,0,0,0,0,,,,,
Ventures,Crypto,PYTH,Locked ,," $15,157,458 ",0.363779,-0.001699,-0.464870663,-70791.66723,0,0,1154500.009,-70791.66723,15157458.45,0,0,0,0,0,,,,,
Ventures,Crypto,PYTH,Locked ,PYTH," $15,157,458 ",0.363779,-0.001699,-0.464870663,-70791.66723,0,0,1154500.009,-70791.66723,15157458.45,0,0,0,0,0,,,,,
Ventures,Crypto,TIA,,," $90,240,000 ",7.52,0.89,13.42383107,10680000,0,0,-54720000,10680000,90240000,0,0,0,0,0,,,,,
Ventures,Crypto,TIA,Locked ,," $90,240,000 ",7.52,0.89,13.42383107,10680000,0,0,-54720000,10680000,90240000,0,0,0,0,0,,,,,
Ventures,Crypto,TIA,Locked ,TIA," $90,240,000 ",7.52,0.89,13.42383107,10680000,0,0,-54720000,10680000,90240000,0,0,0,0,0,,,,,
Ventures,Perp,,,," $(14,293,467)",7.52,0.89,13.42383107,-1691647.03,0,0,8027840.434,-1691647.03,-14293467.04,0,0,0,0,0,,,,,
Ventures,Perp,TIA,,," $(14,293,467)",7.52,0.89,13.42383107,-1691647.03,0,0,8027840.434,-1691647.03,-14293467.04,0,0,0,0,0,,,,,
Ventures,Perp,TIA, ,," $(14,293,467)",7.52,0.89,13.42383107,-1691647.03,0,0,8027840.434,-1691647.03,-14293467.04,0,0,0,0,0,,,,,
Ventures,Perp,TIA, ,TIA," $(14,293,467)",7.52,0.89,13.42383107,-1691647.03,0,0,8027840.434,-1691647.03,-14293467.04,0,0,0,0,0,,,,,
Ventures,Spot,,,," $(4,600,216)",7.52,0.89,13.42383107,-544440.4832,0,0,3491117.36,-544440.4832,-4600216.218,0,0,0,0,0,,,,,
Ventures,Spot,TIA,,," $(4,600,216)",7.52,0.89,13.42383107,-544440.4832,0,0,3491117.36,-544440.4832,-4600216.218,0,0,0,0,0,,,,,
Ventures,Spot,TIA, ,," $(4,600,216)",7.52,0.89,13.42383107,-544440.4832,0,0,3491117.36,-544440.4832,-4600216.218,0,0,0,0,0,,,,,
Ventures,Spot,TIA, ,TIA," $(4,600,216)",7.52,0.89,13.42383107,-544440.4832,0,0,3491117.36,-544440.4832,-4600216.218,0,0,0,0,0,,,,,
